lat,lon,poi_type,id,fee_value,jurisdiction
41.90105819702148,12.4772481918335,cafe,32631124,110.48168214386757,J5
41.87974166870117,12.47501182556152,theatre,252419164,181.67938381019462,J3
41.87117385864258,12.47907829284668,pub,256155025,162.58985564238574,J3
41.88905334472656,12.47073745727539,bar,257351831,150.9060748775907,J5
41.85342788696289,12.47698307037354,restaurant,259122899,99.77585722045811,J3
41.91007614135742,12.47606945037842,cafe,261959708,110.48168214386757,J5
41.88885116577148,12.52690505981445,cafe,265745059,110.48168214386757,J6
41.87994766235352,12.50790405273438,restaurant,294169621,99.77585722045811,J4
41.89701843261719,12.51268100738525,restaurant,300578573,99.77585722045811,J6
41.89931869506836,12.47040367126465,restaurant,301351789,99.77585722045811,J5
41.89917373657227,12.47073745727539,cafe,301351809,110.48168214386757,J5
41.89739608764648,12.49709796905518,hotel,379012827,119.68464700421315,J6
41.86333847045898,12.49044227600098,restaurant,410785635,99.77585722045811,J4
41.88827133178711,12.52962112426758,restaurant,414291043,99.77585722045811,J6
41.8894157409668,12.52562046051025,fast_food,420958611,130.48347508216804,J6
41.91529083251953,12.46671199798584,restaurant,422019522,99.77585722045811,J5
41.91021347045898,12.44783496856689,bar,422042472,150.9060748775907,J5
41.81328964233398,12.48601341247559,restaurant,427838003,99.77585722045811,J2
41.91226577758789,12.44907855987549,cafe,429357157,110.48168214386757,J5
41.87283706665039,12.5142707824707,bar,456328707,150.9060748775907,J4
41.89495468139648,12.49106884002686,cafe,500129236,110.48168214386757,J6
41.86936187744141,12.51717567443848,restaurant,512684024,99.77585722045811,J4
41.89370346069336,12.50861835479736,restaurant,513676455,99.77585722045811,J6
41.90333938598633,12.50345516204834,hotel,534730709,119.68464700421315,J6
41.90880966186523,12.47616767883301,hotel,535329954,119.68464700421315,J5
41.83347702026367,12.46570682525635,cafe,550110716,110.48168214386757,J1
41.8983039855957,12.47035026550293,restaurant,550325597,99.77585722045811,J5
41.87416839599609,12.51712036132812,fast_food,552582460,130.48347508216804,J4
41.86541748046875,12.50727653503418,sports_centre,565144609,228.0957878683532,J4
41.8629150390625,12.48998832702637,restaurant,573459313,99.77585722045811,J4
41.88912963867188,12.5255823135376,fast_food,574325225,130.48347508216804,J6
41.91009140014648,12.45279216766357,restaurant,583258964,99.77585722045811,J5
41.8984489440918,12.50033378601074,hotel,585485646,119.68464700421315,J6
41.88581085205078,12.47257041931152,cafe,606079759,110.48168214386757,J5
41.91290283203125,12.45234107971191,restaurant,610317751,99.77585722045811,J5
41.9118537902832,12.44992542266846,restaurant,611064835,99.77585722045811,J5
41.90295028686523,12.50544548034668,hostel,663030469,186.14457253528667,J6
41.90357971191406,12.47683811187744,cafe,668954649,110.48168214386757,J5
41.90627288818359,12.51688003540039,hotel,675162232,119.68464700421315,J6
41.89785766601562,12.47469711303711,hotel,685957641,119.68464700421315,J5
41.89532089233398,12.43844795227051,fast_food,728747475,130.48347508216804,J5
41.86231231689453,12.4899377822876,restaurant,734783847,99.77585722045811,J4
41.9089241027832,12.45575714111328,fast_food,745968430,130.48347508216804,J5
41.91203308105469,12.44953727722168,restaurant,754688671,99.77585722045811,J5
41.91487121582031,12.45048141479492,nightclub,767261931,204.6829716315392,J5
41.817626953125,12.48968982696533,cafe,767939799,110.48168214386757,J2
41.81499481201172,12.49142932891846,restaurant,767940527,99.77585722045811,J2
41.90993118286133,12.49373149871826,hotel,817332910,119.68464700421315,J6
41.87557601928711,12.46853542327881,restaurant,907726813,99.77585722045811,J3
41.90805435180664,12.48722362518311,restaurant,914375331,99.77585722045811,J6
41.90599822998047,12.4889087677002,bar,914375609,150.9060748775907,J6
41.89332962036133,12.51104164123535,pub,932824988,162.58985564238574,J6
41.89875793457031,12.47076606750488,restaurant,935387198,99.77585722045811,J5
41.90106964111328,12.49737930297852,fast_food,952321962,130.48347508216804,J6
41.89703750610352,12.49485111236572,hotel,980480340,119.68464700421315,J6
41.90732574462891,12.49735736846924,hotel,986960273,119.68464700421315,J6
41.88759613037109,12.47165203094482,fast_food,1119375594,130.48347508216804,J5
41.89980697631836,12.49318408966064,hotel,1134598821,119.68464700421315,J6
41.89938735961914,12.49452590942383,restaurant,1135464609,99.77585722045811,J6
41.88940048217773,12.494309425354,cafe,1147386908,110.48168214386757,J6
41.89276885986328,12.50529670715332,bakery,1166824662,171.00638854344817,J6
41.89041900634766,12.50341892242432,restaurant,1166895601,99.77585722045811,J6
41.90905380249023,12.45734786987305,fast_food,1170610878,130.48347508216804,J5
41.8675537109375,12.49332141876221,restaurant,1178992916,99.77585722045811,J4
41.87830352783203,12.45346736907959,restaurant,1213721131,99.77585722045811,J3
41.8773307800293,12.52197170257568,restaurant,1226779422,99.77585722045811,J4
41.89898681640625,12.46700763702393,fast_food,1237574509,130.48347508216804,J5
41.90769195556641,12.48072147369385,hotel,1243321894,119.68464700421315,J5
41.86651611328125,12.44546318054199,hairdresser,1251280570,139.23176675426865,J3
41.87696838378906,12.47506141662598,pub,1253979817,162.58985564238574,J3
41.87570571899414,12.5200366973877,restaurant,1262595770,99.77585722045811,J4
41.87622451782227,12.51831436157227,restaurant,1264387098,99.77585722045811,J4
41.90110778808594,12.49698925018311,restaurant,1264775616,99.77585722045811,J6
41.87565612792969,12.52156448364258,fast_food,1269962021,130.48347508216804,J4
41.87541198730469,12.52186393737793,cafe,1269962088,110.48168214386757,J4
41.90005111694336,12.50089454650879,fast_food,1270671785,130.48347508216804,J6
41.87539672851562,12.52088165283203,hairdresser,1270745494,139.23176675426865,J4
41.87573623657227,12.5208854675293,restaurant,1270745545,99.77585722045811,J4
41.87668991088867,12.52096176147461,restaurant,1271630981,99.77585722045811,J4
41.91030120849609,12.44795322418213,fast_food,1286818514,130.48347508216804,J5
41.90749359130859,12.45633506774902,pub,1293267131,162.58985564238574,J5
41.9017333984375,12.50288009643555,restaurant,1297541997,99.77585722045811,J6
41.87506866455078,12.52309417724609,restaurant,1309353781,99.77585722045811,J4
41.91981887817383,12.45686435699463,hotel,1313559943,119.68464700421315,J5
41.87353134155273,12.51807975769043,hairdresser,1313609390,139.23176675426865,J4
41.86566543579102,12.47955894470215,cafe,1316165732,110.48168214386757,J3
41.86552047729492,12.4795446395874,cafe,1316165734,110.48168214386757,J3
41.8944206237793,12.49056053161621,restaurant,1319030071,99.77585722045811,J6
41.86038970947266,12.49397945404053,bakery,1330626844,171.00638854344817,J4
41.91790771484375,12.51482677459717,hotel,1356300753,119.68464700421315,J6
41.87283325195312,12.52077198028564,restaurant,1358354541,99.77585722045811,J4
41.89626312255859,12.47562980651855,hotel,1396574138,119.68464700421315,J5
41.89651489257812,12.49422073364258,cafe,1407542663,110.48168214386757,J6
41.88698959350586,12.52058029174805,cafe,1423872324,110.48168214386757,J6
41.90768432617188,12.44661140441895,fast_food,1439360820,130.48347508216804,J5
41.91987609863281,12.44183540344238,bakery,1455284486,171.00638854344817,J5
41.86311721801758,12.48016262054443,cafe,1505433939,110.48168214386757,J3
41.91953277587891,12.44244194030762,cafe,1511874401,110.48168214386757,J5
41.91147994995117,12.45664882659912,theatre,1524746360,181.67938381019462,J5
41.86376190185547,12.48339939117432,restaurant,1529391651,99.77585722045811,J3
41.91257095336914,12.454176902771,hairdresser,1530099654,139.23176675426865,J5
41.89301681518555,12.48804092407227,restaurant,1536870110,99.77585722045811,J6
41.89319610595703,12.48838329315186,hotel,1536870112,119.68464700421315,J6
41.89322280883789,12.48843383789062,cafe,1536870444,110.48168214386757,J6
41.90901184082031,12.49837112426758,restaurant,1545965950,99.77585722045811,J6
41.91186904907227,12.45396995544434,restaurant,1558342833,99.77585722045811,J5
41.89903259277344,12.45597171783447,hotel,1559437607,119.68464700421315,J5
41.87688446044922,12.47379970550537,hotel,1572519961,119.68464700421315,J3
41.87672805786133,12.44250774383545,sports,1581013581,229.9843252238471,J3
41.89561462402344,12.50462818145752,restaurant,1589901714,99.77585722045811,J6
41.85885620117188,12.44727516174316,swimming_pool,1591545102,240.3356905639248,J3
41.91197204589844,12.47518920898438,cafe,1628877687,110.48168214386757,J5
41.86200332641602,12.48973655700684,theatre,1646269932,181.67938381019462,J4
41.89554214477539,12.50233554840088,hairdresser,1665764098,139.23176675426865,J6
41.89989852905273,12.47212219238281,hotel,1674751788,119.68464700421315,J5
41.88735961914062,12.46910190582275,cafe,1686028641,110.48168214386757,J5
41.88750839233398,12.469069480896,cafe,1686028643,110.48168214386757,J5
41.88995361328125,12.49427032470703,restaurant,1688847355,99.77585722045811,J6
41.82169342041016,12.51928997039795,cafe,1694664159,110.48168214386757,J2
41.92016220092773,12.5261812210083,swimming_pool,1694680782,240.3356905639248,J6
41.92012023925781,12.52505683898926,sports_centre,1694694939,228.0957878683532,J6
41.91974639892578,12.52592277526855,cafe,1694694945,110.48168214386757,J6
41.91975021362305,12.52547264099121,cafe,1694694957,110.48168214386757,J6
41.88855743408203,12.49507522583008,bar,1701218666,150.9060748775907,J6
41.89264678955078,12.50574016571045,fast_food,1701565538,130.48347508216804,J6
41.91527557373047,12.49385070800781,bar,1701605184,150.9060748775907,J6
41.89870071411133,12.47735118865967,fast_food,1703090009,130.48347508216804,J5
41.8628044128418,12.48481845855713,cafe,1705532032,110.48168214386757,J3
41.90940093994141,12.45147037506104,restaurant,1716800378,99.77585722045811,J5
41.90448379516602,12.50026988983154,hotel,1719138872,119.68464700421315,J6
41.90980911254883,12.45485019683838,restaurant,1731714248,99.77585722045811,J5
41.90552520751953,12.5002384185791,restaurant,1731734008,99.77585722045811,J6
41.86114501953125,12.48542499542236,bar,1747005268,150.9060748775907,J4
41.90872573852539,12.45909023284912,theatre,1756284049,181.67938381019462,J5
41.89047622680664,12.52532958984375,cafe,1759856894,110.48168214386757,J6
41.88880157470703,12.52607822418213,bakery,1759856897,171.00638854344817,J6
41.89031219482422,12.52481460571289,restaurant,1759856898,99.77585722045811,J6
41.8899040222168,12.52358055114746,cafe,1759856905,110.48168214386757,J6
41.88810729980469,12.52495861053467,restaurant,1759856907,99.77585722045811,J6
41.88875961303711,12.52793216705322,cafe,1759856912,110.48168214386757,J6
41.87815856933594,12.47743988037109,fast_food,1786103887,130.48347508216804,J3
41.86507034301758,12.4904260635376,theatre,1793865801,181.67938381019462,J4
41.87430953979492,12.52429580688477,hairdresser,1800053089,139.23176675426865,J4
41.87560272216797,12.52565956115723,cafe,1816973626,110.48168214386757,J4
41.87541961669922,12.52433013916016,fast_food,1816973694,130.48347508216804,J4
41.87676239013672,12.51928520202637,restaurant,1829733865,99.77585722045811,J4
41.8923225402832,12.47608661651611,restaurant,1832916515,99.77585722045811,J5
41.90905380249023,12.49216747283936,hotel,1871781591,119.68464700421315,J6
41.83146667480469,12.46304512023926,hairdresser,1878027445,139.23176675426865,J1
41.90878677368164,12.49734210968018,hotel,1880658246,119.68464700421315,J6
41.90711212158203,12.48785305023193,hotel,1880658297,119.68464700421315,J6
41.90524291992188,12.50041961669922,hotel,1926196445,119.68464700421315,J6
41.90489196777344,12.49990081787109,hotel,1926196451,119.68464700421315,J6
41.83587646484375,12.46618461608887,sports_centre,1936090400,228.0957878683532,J1
41.89768981933594,12.47298526763916,cafe,1938346414,110.48168214386757,J5
41.87043762207031,12.51370239257812,cafe,1947809237,110.48168214386757,J4
41.8974494934082,12.51280498504639,restaurant,1952358265,99.77585722045811,J6
41.89044189453125,12.52666759490967,pub,1983523038,162.58985564238574,J6
41.88909530639648,12.49657249450684,restaurant,1987857548,99.77585722045811,J6
41.90420913696289,12.50301933288574,cafe,1995951741,110.48168214386757,J6
41.90456771850586,12.50599575042725,hotel,2010765186,119.68464700421315,J6
41.87187576293945,12.51927375793457,bar,2061849100,150.9060748775907,J4
41.86913681030273,12.51628303527832,restaurant,2067877424,99.77585722045811,J4
41.90914535522461,12.51108264923096,bar,2092415177,150.9060748775907,J6
41.90871810913086,12.45830631256104,hotel,2105398742,119.68464700421315,J5
41.89743804931641,12.48798561096191,fast_food,2113728140,130.48347508216804,J6
41.89759826660156,12.50582504272461,cafe,2119981341,110.48168214386757,J6
41.87725830078125,12.47359466552734,cafe,2123184309,110.48168214386757,J3
41.8889274597168,12.49788188934326,bar,2128214065,150.9060748775907,J6
41.89848709106445,12.51670551300049,restaurant,2128992183,99.77585722045811,J6
41.8878288269043,12.47677612304688,restaurant,2138727696,99.77585722045811,J5
41.89045333862305,12.46889305114746,restaurant,2138753806,99.77585722045811,J5
41.90029907226562,12.48195171356201,fast_food,2139923602,130.48347508216804,J5
41.89119338989258,12.46823024749756,restaurant,2147588975,99.77585722045811,J5
41.90556716918945,12.44740295410156,bar,2219125309,150.9060748775907,J5
41.88096618652344,12.45840644836426,hairdresser,2231202834,139.23176675426865,J3
41.86299896240234,12.4795036315918,bar,2231708736,150.9060748775907,J3
41.89241409301758,12.50148105621338,restaurant,2244855717,99.77585722045811,J6
41.90097427368164,12.47576236724854,restaurant,2244862995,99.77585722045811,J5
41.90427398681641,12.48510932922363,restaurant,2244914145,99.77585722045811,J5
41.89538955688477,12.47938346862793,nightclub,2244954388,204.6829716315392,J5
41.89945220947266,12.47022724151611,nightclub,2244959592,204.6829716315392,J5
41.89913177490234,12.47264862060547,cafe,2244982533,110.48168214386757,J5
41.90712356567383,12.50100231170654,restaurant,2253148965,99.77585722045811,J6
41.89907455444336,12.47144508361816,restaurant,2266083036,99.77585722045811,J5
41.89638519287109,12.47237396240234,restaurant,2267113047,99.77585722045811,J5
41.89768218994141,12.47760200500488,bar,2274002831,150.9060748775907,J5
41.89461135864258,12.47452259063721,restaurant,2274386799,99.77585722045811,J5
41.89621353149414,12.49029159545898,bakery,2274920322,171.00638854344817,J6
41.90865707397461,12.47559070587158,restaurant,2276044258,99.77585722045811,J5
41.90772247314453,12.4628210067749,cafe,2279465670,110.48168214386757,J5
41.90627670288086,12.50128936767578,hotel,2295769280,119.68464700421315,J6
41.90011596679688,12.47938823699951,bar,2296865963,150.9060748775907,J5
41.89555740356445,12.47315406799316,hotel,2302346447,119.68464700421315,J5
41.90790557861328,12.49940776824951,hotel,2303559430,119.68464700421315,J6
41.90614318847656,12.50125980377197,restaurant,2303559432,99.77585722045811,J6
41.87208557128906,12.51479053497314,cafe,2336492128,110.48168214386757,J4
41.89365768432617,12.50082683563232,cafe,2336909846,110.48168214386757,J6
41.89933013916016,12.47133350372314,restaurant,2339542175,99.77585722045811,J5
41.87153625488281,12.51535511016846,hairdresser,2344097820,139.23176675426865,J4
41.89318084716797,12.47515106201172,fast_food,2398129746,130.48347508216804,J5
41.88987350463867,12.46971416473389,restaurant,2399335233,99.77585722045811,J5
41.88963317871094,12.4724063873291,fast_food,2411074971,130.48347508216804,J5
41.9095573425293,12.4541187286377,hairdresser,2415288469,139.23176675426865,J5
41.87615585327148,12.46600246429443,hotel,2434157092,119.68464700421315,J3
41.90598678588867,12.48369121551514,hotel,2442830197,119.68464700421315,J5
41.90029525756836,12.44758701324463,hotel,2494477950,119.68464700421315,J5
41.90951538085938,12.45931816101074,fast_food,2494778340,130.48347508216804,J5
41.90884780883789,12.45198440551758,fast_food,2507347011,130.48347508216804,J5
41.89831924438477,12.50100040435791,hotel,2519566154,119.68464700421315,J6
41.87253952026367,12.52600288391113,bakery,2520790656,171.00638854344817,J4
41.89992523193359,12.47984790802002,bakery,2537258887,171.00638854344817,J5
41.8975944519043,12.50161933898926,hostel,2537266358,186.14457253528667,J6
41.90253829956055,12.48734951019287,hotel,2545268220,119.68464700421315,J6
41.89518737792969,12.5142068862915,restaurant,2551455041,99.77585722045811,J6
41.86509323120117,12.49642562866211,cafe,2574719108,110.48168214386757,J4
41.90448760986328,12.50051784515381,restaurant,2584246819,99.77585722045811,J6
41.91033172607422,12.45385837554932,fast_food,2590489723,130.48347508216804,J5
41.89157485961914,12.53276634216309,nightclub,2609654458,204.6829716315392,J6
41.89066696166992,12.50295257568359,hostel,2611993714,186.14457253528667,J6
41.8970832824707,12.48647785186768,restaurant,2612010515,99.77585722045811,J6
41.91172790527344,12.51673698425293,cafe,2613316358,110.48168214386757,J6
41.90739059448242,12.51786613464355,restaurant,2613319556,99.77585722045811,J6
41.88203430175781,12.52426052093506,nightclub,2616968237,204.6829716315392,J4
41.82150268554688,12.4582462310791,restaurant,2622617426,99.77585722045811,J1
41.89607620239258,12.47333526611328,fast_food,2629119217,130.48347508216804,J5
41.88953018188477,12.47232818603516,restaurant,2630352815,99.77585722045811,J5
41.8890380859375,12.52534008026123,pub,2664965220,162.58985564238574,J6
41.90564727783203,12.48106384277344,restaurant,2698636258,99.77585722045811,J5
41.87898254394531,12.49769401550293,restaurant,2758083401,99.77585722045811,J4
41.90034866333008,12.46945571899414,restaurant,2773389726,99.77585722045811,J5
41.90569686889648,12.44571590423584,fast_food,2779675982,130.48347508216804,J5
41.90802764892578,12.45666694641113,hotel,2798809896,119.68464700421315,J5
41.88718795776367,12.5216236114502,cafe,2802086978,110.48168214386757,J6
41.89172744750977,12.46917819976807,pub,2818358459,162.58985564238574,J5
41.91021728515625,12.44682312011719,fast_food,2840535912,130.48347508216804,J5
41.89563751220703,12.47131729125977,fast_food,2868113436,130.48347508216804,J5
41.86737823486328,12.46553039550781,fast_food,2868196380,130.48347508216804,J3
41.89531707763672,12.49757289886475,fast_food,2871137980,130.48347508216804,J6
41.90057373046875,12.47282028198242,restaurant,2895093006,99.77585722045811,J5
41.83886337280273,12.51585674285889,cafe,2916648114,110.48168214386757,J2
41.89226150512695,12.4749584197998,restaurant,2925128243,99.77585722045811,J5
41.88812637329102,12.47108936309814,restaurant,2959462937,99.77585722045811,J5
41.90422058105469,12.48688507080078,theatre,3039065548,181.67938381019462,J6
41.8991584777832,12.4772777557373,hotel,3056184800,119.68464700421315,J5
41.90150451660156,12.48495864868164,cafe,3061568273,110.48168214386757,J5
41.90079116821289,12.4838171005249,cafe,3061568274,110.48168214386757,J5
41.90072250366211,12.48334217071533,hotel,3061568275,119.68464700421315,J5
41.90254211425781,12.48394107818604,cafe,3061585986,110.48168214386757,J5
41.89149475097656,12.49278545379639,cafe,3067591006,110.48168214386757,J6
41.86451721191406,12.47258472442627,restaurant,3078591012,99.77585722045811,J3
41.86478042602539,12.471848487854,restaurant,3078606252,99.77585722045811,J3
41.91032791137695,12.50186347961426,restaurant,3080589209,99.77585722045811,J6
41.90995407104492,12.50136375427246,cafe,3080589210,110.48168214386757,J6
41.87034225463867,12.51609706878662,hairdresser,3096342616,139.23176675426865,J4
41.89397430419922,12.48838138580322,restaurant,3101353149,99.77585722045811,J6
41.90547561645508,12.47221374511719,hotel,3101356197,119.68464700421315,J5
41.87744140625,12.51617813110352,sports,3115703052,229.9843252238471,J4
41.89042282104492,12.47085285186768,cafe,3140117950,110.48168214386757,J5
41.90047454833984,12.4395694732666,restaurant,3153870220,99.77585722045811,J5
41.87029647827148,12.52776908874512,dentist,3156236473,256.04300605850636,J4
41.87476348876953,12.52114486694336,sports_centre,3160886370,228.0957878683532,J4
41.87562942504883,12.4475679397583,fast_food,3190150261,130.48347508216804,J3
41.89736938476562,12.48263549804688,hotel,3192164485,119.68464700421315,J5
41.87237167358398,12.45905876159668,pub,3215390961,162.58985564238574,J3
41.8879508972168,12.48393535614014,cafe,3217327590,110.48168214386757,J5
41.82609176635742,12.50760078430176,cafe,3230716695,110.48168214386757,J2
41.85503387451172,12.47103881835938,hotel,3233708033,119.68464700421315,J3
41.85538864135742,12.47207927703857,cafe,3233716449,110.48168214386757,J3
41.89206695556641,12.46762752532959,cafe,3248368029,110.48168214386757,J5
41.87348556518555,12.44774150848389,cafe,3268637561,110.48168214386757,J3
41.87255477905273,12.51476955413818,hairdresser,3273385188,139.23176675426865,J4
41.89795684814453,12.45527648925781,hotel,3292542361,119.68464700421315,J5
41.89930725097656,12.5007209777832,hotel,3326329849,119.68464700421315,J6
41.86700820922852,12.48755645751953,hairdresser,3357618772,139.23176675426865,J4
41.86875534057617,12.44943141937256,bakery,3400317816,171.00638854344817,J3
41.90010833740234,12.49775218963623,hotel,3403817806,119.68464700421315,J6
41.87944030761719,12.4747314453125,cafe,3413991654,110.48168214386757,J3
41.86888885498047,12.53005027770996,bakery,3433648885,171.00638854344817,J4
41.85362243652344,12.47893524169922,fast_food,3473299473,130.48347508216804,J3
41.89927673339844,12.4912748336792,hotel,3481777520,119.68464700421315,J6
41.87343978881836,12.44781589508057,fast_food,3497105784,130.48347508216804,J3
41.90650939941406,12.50042819976807,hotel,3512103329,119.68464700421315,J6
41.90674591064453,12.46317100524902,fast_food,3512356840,130.48347508216804,J5
41.89738082885742,12.49765586853027,hotel,3531783467,119.68464700421315,J6
41.90090179443359,12.48258304595947,restaurant,3531834098,99.77585722045811,J5
41.85001754760742,12.47098445892334,restaurant,3533642899,99.77585722045811,J3
41.91945266723633,12.51429080963135,hotel,3542324535,119.68464700421315,J6
41.90852737426758,12.48824214935303,restaurant,3543840043,99.77585722045811,J6
41.8968505859375,12.4952917098999,hotel,3554601725,119.68464700421315,J6
41.90322875976562,12.49493789672852,cafe,3578048539,110.48168214386757,J6
41.89308929443359,12.51567554473877,fast_food,3599210542,130.48347508216804,J6
41.91034317016602,12.52913379669189,fast_food,3611544242,130.48347508216804,J6
41.87668228149414,12.5198335647583,fast_food,3613013294,130.48347508216804,J4
41.89897155761719,12.49594879150391,fast_food,3633354809,130.48347508216804,J6
41.89968109130859,12.45112895965576,restaurant,3635981463,99.77585722045811,J5
41.90573883056641,12.47249317169189,hotel,3644916254,119.68464700421315,J5
41.82758331298828,12.4533224105835,cafe,3649693429,110.48168214386757,J1
41.8307991027832,12.4652853012085,restaurant,3654669690,99.77585722045811,J1
41.83152770996094,12.46231079101562,bar,3654669693,150.9060748775907,J1
41.91805648803711,12.43896198272705,bakery,3679213880,171.00638854344817,J5
41.91114044189453,12.50259685516357,hotel,3696223324,119.68464700421315,J6
41.88177871704102,12.4584846496582,fast_food,3738260327,130.48347508216804,J3
41.89056396484375,12.46903991699219,bar,3739059086,150.9060748775907,J5
41.89974212646484,12.45654487609863,restaurant,3739985086,99.77585722045811,J5
41.89967727661133,12.45652103424072,restaurant,3739985087,99.77585722045811,J5
41.90457916259766,12.46036148071289,cafe,3781268652,110.48168214386757,J5
41.90412139892578,12.46141147613525,cafe,3781268653,110.48168214386757,J5
41.90411758422852,12.46154403686523,cafe,3781269002,110.48168214386757,J5
41.89859008789062,12.47070789337158,fast_food,3824951285,130.48347508216804,J5
41.90721130371094,12.50014591217041,restaurant,3825077857,99.77585722045811,J6
41.83575439453125,12.50683307647705,pub,3828478347,162.58985564238574,J2
41.88958740234375,12.47184658050537,restaurant,3829704757,99.77585722045811,J5
41.90773010253906,12.48251056671143,restaurant,3830421557,99.77585722045811,J5
41.91106033325195,12.48047351837158,cafe,3836026359,110.48168214386757,J5
41.895751953125,12.5127534866333,cafe,3836420328,110.48168214386757,J6
41.89834594726562,12.49658679962158,cafe,3878028938,110.48168214386757,J6
41.8625602722168,12.4647331237793,restaurant,3944206597,99.77585722045811,J3
41.85173797607422,12.47886180877686,cafe,3956716191,110.48168214386757,J3
41.87973403930664,12.50799655914307,bar,3957864141,150.9060748775907,J4
41.88921356201172,12.53044319152832,fast_food,3964075772,130.48347508216804,J6
41.9031982421875,12.50733661651611,hotel,3996369558,119.68464700421315,J6
41.89862060546875,12.46112442016602,hotel,4000980992,119.68464700421315,J5
41.88867568969727,12.52831935882568,cafe,4012298789,110.48168214386757,J6
41.88839721679688,12.47809410095215,pub,4086833684,162.58985564238574,J5
41.90732574462891,12.48921680450439,hotel,4110106290,119.68464700421315,J6
41.89638519287109,12.45645618438721,hostel,4132418093,186.14457253528667,J5
41.90074157714844,12.49503517150879,hotel,4134220988,119.68464700421315,J6
41.90739440917969,12.47246646881104,hotel,4159479591,119.68464700421315,J5
41.88766479492188,12.52682876586914,sports,4167684050,229.9843252238471,J6
41.90435791015625,12.50453186035156,hostel,4173035489,186.14457253528667,J6
41.90381240844727,12.50330638885498,restaurant,4173975522,99.77585722045811,J6
41.90415573120117,12.47800636291504,bar,4176683414,150.9060748775907,J5
41.89713287353516,12.48531246185303,restaurant,4187908391,99.77585722045811,J6
41.89756774902344,12.47134113311768,restaurant,4194678090,99.77585722045811,J5
41.90786743164062,12.47522640228271,restaurant,4198179291,99.77585722045811,J5
41.90989303588867,12.49570655822754,restaurant,4199808893,99.77585722045811,J6
41.90863418579102,12.49082279205322,restaurant,4199814291,99.77585722045811,J6
41.90665817260742,12.49733924865723,restaurant,4204522989,99.77585722045811,J6
41.90095901489258,12.49336814880371,hotel,4208623579,119.68464700421315,J6
41.87122344970703,12.46765327453613,cafe,4210456494,110.48168214386757,J3
41.90426635742188,12.48562908172607,hotel,4212711999,119.68464700421315,J6
41.89738082885742,12.48231029510498,hotel,4213342389,119.68464700421315,J5
41.8807373046875,12.50483703613281,cafe,4215519939,110.48168214386757,J4
41.90546417236328,12.50212001800537,hotel,4217881328,119.68464700421315,J6
41.88856506347656,12.47531795501709,bakery,4224427195,171.00638854344817,J5
41.90412139892578,12.44388866424561,sports_centre,4225456928,228.0957878683532,J5
41.90390777587891,12.45951557159424,fast_food,4227893564,130.48347508216804,J5
41.90380477905273,12.46112442016602,cafe,4227893568,110.48168214386757,J5
41.90438079833984,12.46304798126221,cafe,4227893575,110.48168214386757,J5
41.89237594604492,12.51376914978027,hotel,4229991405,119.68464700421315,J6
41.90982437133789,12.46696090698242,restaurant,4230122569,99.77585722045811,J5
41.90563583374023,12.46327114105225,cafe,4230144604,110.48168214386757,J5
41.90544509887695,12.4632453918457,restaurant,4230144615,99.77585722045811,J5
41.90815734863281,12.4669885635376,cafe,4230223694,110.48168214386757,J5
41.90969467163086,12.46010208129883,restaurant,4230923577,99.77585722045811,J5
41.90915679931641,12.4619197845459,restaurant,4230953562,99.77585722045811,J5
41.89881134033203,12.49179935455322,hotel,4233959889,119.68464700421315,J6
41.90686798095703,12.50175285339355,hotel,4238747989,119.68464700421315,J6
41.88808059692383,12.47361946105957,cafe,4239352436,110.48168214386757,J5
41.91366195678711,12.44132328033447,restaurant,4247215713,99.77585722045811,J5
41.90615844726562,12.4806661605835,hotel,4249210789,119.68464700421315,J5
41.89916229248047,12.46932125091553,restaurant,4260198490,99.77585722045811,J5
41.8944091796875,12.48793697357178,fast_food,4283669389,130.48347508216804,J6
41.89574813842773,12.49314308166504,restaurant,4286156934,99.77585722045811,J6
41.89391326904297,12.47754764556885,restaurant,4296842153,99.77585722045811,J5
41.90673828125,12.46120166778564,hotel,4306388718,119.68464700421315,J5
41.89802551269531,12.47164821624756,restaurant,4311299718,99.77585722045811,J5
41.89307022094727,12.47542667388916,hotel,4311799089,119.68464700421315,J5
41.90438461303711,12.50041389465332,hostel,4314220389,186.14457253528667,J6
41.89727401733398,12.51337337493896,restaurant,4315631191,99.77585722045811,J6
41.88002777099609,12.51436233520508,bar,4315654591,150.9060748775907,J4
41.90326309204102,12.49318790435791,hotel,4320231720,119.68464700421315,J6
41.86562728881836,12.50138092041016,cafe,4326747807,110.48168214386757,J4
41.89977645874023,12.45396614074707,restaurant,4337037389,99.77585722045811,J5
41.88674163818359,12.47693634033203,restaurant,4346226995,99.77585722045811,J5
41.9035758972168,12.48272037506104,restaurant,4346273291,99.77585722045811,J5
41.90854263305664,12.45754909515381,fast_food,4349494005,130.48347508216804,J5
41.89788436889648,12.51364135742188,fast_food,4349778996,130.48347508216804,J6
41.90761947631836,12.46059703826904,restaurant,4353048090,99.77585722045811,J5
41.90264892578125,12.50446891784668,hotel,4355034889,119.68464700421315,J6
41.90706634521484,12.45683002471924,fast_food,4359127090,130.48347508216804,J5
41.88892364501953,12.47072601318359,restaurant,4363453495,99.77585722045811,J5
41.89464569091797,12.47426414489746,bakery,4368644289,171.00638854344817,J5
41.90689468383789,12.48015117645264,restaurant,4375364891,99.77585722045811,J5
41.90938186645508,12.466233253479,restaurant,4375466690,99.77585722045811,J5
41.90773391723633,12.47071838378906,cafe,4377736890,110.48168214386757,J5
41.89939117431641,12.49212265014648,restaurant,4377755226,99.77585722045811,J6
41.89519119262695,12.47500991821289,restaurant,4386790812,99.77585722045811,J5
41.89410781860352,12.50285720825195,bakery,4386822104,171.00638854344817,J6
41.90770721435547,12.49952220916748,restaurant,4392501290,99.77585722045811,J6
41.87223815917969,12.47583770751953,restaurant,4396341299,99.77585722045811,J3
41.90298080444336,12.48739242553711,restaurant,4398730595,99.77585722045811,J6
41.91898727416992,12.4465970993042,restaurant,4398731892,99.77585722045811,J5
41.87498474121094,12.48015308380127,restaurant,4398733491,99.77585722045811,J3
41.85553741455078,12.49130439758301,bakery,4402769465,171.00638854344817,J4
41.90769577026367,12.4873571395874,cafe,4406245889,110.48168214386757,J6
41.90213394165039,12.48577690124512,restaurant,4411686590,99.77585722045811,J6
41.89291381835938,12.48933410644531,restaurant,4417002391,99.77585722045811,J6
41.90036773681641,12.46651649475098,fast_food,4421696589,130.48347508216804,J5
41.89975738525391,12.49736595153809,restaurant,4423932691,99.77585722045811,J6
41.87173843383789,12.47018527984619,restaurant,4436921795,99.77585722045811,J3
41.89694213867188,12.5027551651001,hostel,4438433193,186.14457253528667,J6
41.87891387939453,12.46859836578369,pub,4439097392,162.58985564238574,J3
41.90327835083008,12.48317623138428,restaurant,4439688691,99.77585722045811,J5
41.90613174438477,12.49252605438232,hotel,4440152791,119.68464700421315,J6
41.90051651000977,12.47240829467773,hotel,4441658292,119.68464700421315,J5
41.8947639465332,12.49314498901367,cafe,4453659542,110.48168214386757,J6
41.89512252807617,12.49117851257324,cafe,4455036144,110.48168214386757,J6
41.89668273925781,12.4991397857666,cafe,4455036145,110.48168214386757,J6
41.89644241333008,12.49651145935059,bar,4455036165,150.9060748775907,J6
41.90927505493164,12.48995208740234,hotel,4459417296,119.68464700421315,J6
41.89916229248047,12.47134304046631,restaurant,4464465296,99.77585722045811,J5
41.90073776245117,12.48088359832764,restaurant,4464972189,99.77585722045811,J5
41.89938354492188,12.47115516662598,cafe,4471834189,110.48168214386757,J5
41.90949630737305,12.52555847167969,restaurant,4485384291,99.77585722045811,J6
41.81897354125977,12.45422744750977,restaurant,4487200597,99.77585722045811,J1
41.88388824462891,12.5007209777832,hairdresser,4490730190,139.23176675426865,J4
41.89895248413086,12.50035285949707,hotel,4499197710,119.68464700421315,J6
41.87951278686523,12.51537990570068,theatre,4514033798,181.67938381019462,J4
41.87245941162109,12.4804573059082,restaurant,4517214278,99.77585722045811,J3
41.90005874633789,12.49846267700195,restaurant,4534591291,99.77585722045811,J6
41.88995742797852,12.46890163421631,restaurant,4534729789,99.77585722045811,J5
41.88953018188477,12.49544334411621,restaurant,4556016298,99.77585722045811,J6
41.83163452148438,12.46195888519287,fast_food,4566872794,130.48347508216804,J1
41.83166885375977,12.46182537078857,restaurant,4566872795,99.77585722045811,J1
41.83279800415039,12.46301746368408,fast_food,4566872808,130.48347508216804,J1
41.87891387939453,12.47875213623047,cafe,4574913491,110.48168214386757,J3
41.89054489135742,12.50640678405762,hotel,4582798388,119.68464700421315,J6
41.90034866333008,12.47666645050049,restaurant,4584611453,99.77585722045811,J5
41.91183090209961,12.5281286239624,cafe,4591232194,110.48168214386757,J6
41.89652252197266,12.4729175567627,bakery,4591632580,171.00638854344817,J5
41.91054534912109,12.47341823577881,nightclub,4593937395,204.6829716315392,J5
41.89326477050781,12.5100679397583,cafe,4609818267,110.48168214386757,J6
41.90637969970703,12.46799468994141,bar,4610450889,150.9060748775907,J5
41.85498809814453,12.4785852432251,cafe,4614184280,110.48168214386757,J3
41.89615249633789,12.47744464874268,cafe,4617104289,110.48168214386757,J5
41.88629531860352,12.46922397613525,restaurant,4623874790,99.77585722045811,J5
41.89865493774414,12.47537326812744,fast_food,4642627291,130.48347508216804,J5
41.83919906616211,12.46381092071533,cafe,4644271602,110.48168214386757,J1
41.88961029052734,12.47170639038086,restaurant,4654491189,99.77585722045811,J5
41.86288070678711,12.45782279968262,pub,4656387042,162.58985564238574,J3
41.88927459716797,12.52454948425293,bar,4657545593,150.9060748775907,J6
41.88918304443359,12.52786064147949,cafe,4659455169,110.48168214386757,J6
41.89077758789062,12.52651882171631,cafe,4659455170,110.48168214386757,J6
41.89127731323242,12.51935958862305,cafe,4659455173,110.48168214386757,J6
41.88875961303711,12.53031158447266,restaurant,4659895869,99.77585722045811,J6
41.8898811340332,12.52820682525635,fast_food,4659895870,130.48347508216804,J6
41.89984130859375,12.50125503540039,restaurant,4664316341,99.77585722045811,J6
41.89564514160156,12.50008296966553,restaurant,4664414732,99.77585722045811,J6
41.87971115112305,12.47376346588135,restaurant,4665431291,99.77585722045811,J3
41.91646957397461,12.45729827880859,cafe,4665456391,110.48168214386757,J5
41.90646743774414,12.46036434173584,restaurant,4680991789,99.77585722045811,J5
41.9168586730957,12.47360897064209,restaurant,4693461092,99.77585722045811,J5
41.90948486328125,12.47607517242432,restaurant,4693486791,99.77585722045811,J5
41.90780639648438,12.45451641082764,restaurant,4695269389,99.77585722045811,J5
41.89223480224609,12.51330184936523,hotel,4699822890,119.68464700421315,J6
41.86194610595703,12.45358848571777,restaurant,4703372090,99.77585722045811,J3
41.90085983276367,12.47586154937744,restaurant,4703878793,99.77585722045811,J5
41.89768218994141,12.49025917053223,restaurant,4703883293,99.77585722045811,J6
41.8954963684082,12.47266387939453,restaurant,4704961796,99.77585722045811,J5
41.89995956420898,12.46198654174805,restaurant,4704961892,99.77585722045811,J5
41.88407135009766,12.50096130371094,cafe,4709930443,110.48168214386757,J4
41.90303421020508,12.48175144195557,theatre,4711620948,181.67938381019462,J5
41.82925796508789,12.47353267669678,fast_food,4711934401,130.48347508216804,J1
41.89981460571289,12.46223831176758,cafe,4713949158,110.48168214386757,J5
41.90137481689453,12.47356510162354,restaurant,4715157789,99.77585722045811,J5
41.90106582641602,12.47246837615967,restaurant,4715494866,99.77585722045811,J5
41.91097259521484,12.46654605865479,fast_food,4716613797,130.48347508216804,J5
41.8947639465332,12.49167442321777,restaurant,4718393101,99.77585722045811,J6
41.90323638916016,12.48237895965576,restaurant,4718913891,99.77585722045811,J5
41.90757751464844,12.45748901367188,restaurant,4719363594,99.77585722045811,J5
41.89505004882812,12.50933456420898,hostel,4719869091,186.14457253528667,J6
41.89606475830078,12.49380874633789,restaurant,4720722689,99.77585722045811,J6
41.88835525512695,12.47794151306152,cafe,4723949897,110.48168214386757,J5
41.89350128173828,12.48148918151855,theatre,4724460906,181.67938381019462,J5
41.90410614013672,12.49445343017578,restaurant,4726322094,99.77585722045811,J6
41.91060638427734,12.50282573699951,restaurant,4730681430,99.77585722045811,J6
41.89473342895508,12.49194145202637,pub,4733710159,162.58985564238574,J6
41.87545776367188,12.46658515930176,restaurant,4735308022,99.77585722045811,J3
41.86202621459961,12.4659309387207,bar,4735617823,150.9060748775907,J3
41.82265472412109,12.475510597229,hotel,4768146858,119.68464700421315,J1
41.88942337036133,12.51460266113281,hostel,4770822723,186.14457253528667,J6
41.90220642089844,12.47483730316162,cafe,4781113024,110.48168214386757,J5
41.89934539794922,12.45561599731445,hostel,4782671222,186.14457253528667,J5
41.91073989868164,12.50304794311523,fast_food,4788360022,130.48347508216804,J6
41.91810607910156,12.46128845214844,bakery,4790953721,171.00638854344817,J5
41.87439727783203,12.45168113708496,cafe,4794580021,110.48168214386757,J3
41.89821624755859,12.47573375701904,restaurant,4801747122,99.77585722045811,J5
41.89944839477539,12.51822090148926,nightclub,4805767876,204.6829716315392,J6
41.81637191772461,12.47127246856689,restaurant,4806345603,99.77585722045811,J1
41.88786315917969,12.46980571746826,hotel,4810448799,119.68464700421315,J5
41.86514282226562,12.4687671661377,cafe,4820170622,110.48168214386757,J3
41.85545349121094,12.48956775665283,fast_food,4823053308,130.48347508216804,J4
41.90692901611328,12.48014640808105,cafe,4825638022,110.48168214386757,J5
41.91329574584961,12.44270420074463,restaurant,4837129621,99.77585722045811,J5
41.90853500366211,12.498046875,restaurant,4838746921,99.77585722045811,J6
41.90161514282227,12.50249862670898,cafe,4843783524,110.48168214386757,J6
41.90149688720703,12.50228118896484,cafe,4843794221,110.48168214386757,J6
41.89580154418945,12.49374198913574,restaurant,4847966705,99.77585722045811,J6
41.88972854614258,12.49534225463867,bar,4847967789,150.9060748775907,J6
41.89299011230469,12.4717321395874,cafe,4847978579,110.48168214386757,J5
41.89377975463867,12.51628875732422,fast_food,4851885222,130.48347508216804,J6
41.89968872070312,12.50015354156494,restaurant,4861130523,99.77585722045811,J6
41.89998626708984,12.49818801879883,hotel,4861134422,119.68464700421315,J6
41.89496231079102,12.47233867645264,restaurant,4862340221,99.77585722045811,J5
41.89848709106445,12.50071907043457,restaurant,4865978490,99.77585722045811,J6
41.90012741088867,12.46587657928467,restaurant,4868420055,99.77585722045811,J5
41.91053009033203,12.52794361114502,restaurant,4876583721,99.77585722045811,J6
41.89407348632812,12.48014736175537,restaurant,4879111321,99.77585722045811,J5
41.89910125732422,12.47182750701904,restaurant,4882931022,99.77585722045811,J5
41.90678024291992,12.46900081634521,fast_food,4884459072,130.48347508216804,J5
41.90691375732422,12.46892166137695,hotel,4884459076,119.68464700421315,J5
41.90718078613281,12.46876430511475,cafe,4884459084,110.48168214386757,J5
41.90514373779297,12.47324180603027,cafe,4885746124,110.48168214386757,J5
41.89575958251953,12.49027729034424,cafe,4886058322,110.48168214386757,J6
41.90019989013672,12.47650241851807,restaurant,4889221423,99.77585722045811,J5
41.88125991821289,12.50212001800537,bar,4923989582,150.9060748775907,J4
41.88105010986328,12.50271415710449,pub,4923989585,162.58985564238574,J4
41.91005325317383,12.50200176239014,fast_food,4929217523,130.48347508216804,J6
41.90817260742188,12.4870138168335,restaurant,4936641021,99.77585722045811,J6
41.88755798339844,12.47723865509033,cafe,4942163421,110.48168214386757,J5
41.89683532714844,12.47702026367188,hotel,4944683321,119.68464700421315,J5
41.85204696655273,12.49386310577393,cafe,4948673731,110.48168214386757,J4
41.8438720703125,12.4872522354126,restaurant,4954695176,99.77585722045811,J2
41.84153747558594,12.48149490356445,restaurant,4954838013,99.77585722045811,J1
41.87274932861328,12.51033401489258,restaurant,4958959022,99.77585722045811,J4
41.89634323120117,12.48605346679688,hotel,4959103221,119.68464700421315,J6
41.88276290893555,12.51574230194092,restaurant,4970066151,99.77585722045811,J4
41.89738845825195,12.45239448547363,fitness_centre,4982667516,210.6246589093701,J5
41.87546157836914,12.47651481628418,nightclub,4984834225,204.6829716315392,J3
41.89464569091797,12.49115943908691,cafe,4999883421,110.48168214386757,J6
41.91117095947266,12.50365543365479,hairdresser,5020047632,139.23176675426865,J6
41.91131591796875,12.50387287139893,hairdresser,5020047633,139.23176675426865,J6
41.81682205200195,12.47068405151367,cafe,5039452221,110.48168214386757,J1
41.81718444824219,12.46928215026855,fast_food,5039454923,130.48347508216804,J1
41.84650039672852,12.4823522567749,dentist,5048014281,256.04300605850636,J1
41.84502410888672,12.48652839660645,fast_food,5048014288,130.48347508216804,J2
41.90007400512695,12.47982597351074,cafe,5058603821,110.48168214386757,J5
41.90366363525391,12.47519874572754,hotel,5084380321,119.68464700421315,J5
41.90492630004883,12.48975944519043,cafe,5088017340,110.48168214386757,J6
41.9007453918457,12.47226810455322,hotel,5095133993,119.68464700421315,J5
41.87417984008789,12.52924633026123,fitness_centre,5102555951,210.6246589093701,J4
41.87409973144531,12.52936935424805,cafe,5102555952,110.48168214386757,J4
41.88652420043945,12.47714519500732,restaurant,5103798422,99.77585722045811,J5
41.88185501098633,12.51979446411133,cafe,5115471151,110.48168214386757,J4
41.90415573120117,12.48307991027832,restaurant,5124625221,99.77585722045811,J5
41.87812805175781,12.45107555389404,music_school,5127780631,229.79696225684975,J3
41.89144515991211,12.5095157623291,hostel,5130268121,186.14457253528667,J6
41.90382766723633,12.45850563049316,fast_food,5135399370,130.48347508216804,J5
41.8996696472168,12.49300193786621,restaurant,5139611722,99.77585722045811,J6
41.9045295715332,12.50463199615479,hotel,5155158818,119.68464700421315,J6
41.87517547607422,12.48022079467773,hairdresser,5167475519,139.23176675426865,J3
41.90961074829102,12.49849891662598,hotel,5168449022,119.68464700421315,J6
41.9084587097168,12.5227222442627,fast_food,5169515626,130.48347508216804,J6
41.89928436279297,12.4998779296875,hotel,5169965893,119.68464700421315,J6
41.89924621582031,12.49983978271484,hotel,5169965894,119.68464700421315,J6
41.89923858642578,12.49979496002197,hotel,5169965895,119.68464700421315,J6
41.90232849121094,12.50358009338379,hotel,5182204322,119.68464700421315,J6
41.90579605102539,12.48335552215576,hairdresser,5183354424,139.23176675426865,J5
41.89397430419922,12.50065612792969,fitness_centre,5212106958,210.6246589093701,J6
41.9117546081543,12.45341491699219,bar,5216468121,150.9060748775907,J5
41.89043045043945,12.43865585327148,swimming_pool,5232181090,240.3356905639248,J5
41.87007522583008,12.51498699188232,restaurant,5239420124,99.77585722045811,J4
41.90591049194336,12.48081874847412,restaurant,5242871521,99.77585722045811,J5
41.89482879638672,12.49997806549072,events_venue,5245720404,263.5838435718063,J6
41.87691879272461,12.47415542602539,fast_food,5247115785,130.48347508216804,J3
41.89749908447266,12.49725341796875,hotel,5248413724,119.68464700421315,J6
41.89994812011719,12.47079086303711,theatre,5264705021,181.67938381019462,J5
41.89785766601562,12.47476291656494,cafe,5275149621,110.48168214386757,J5
41.89198303222656,12.46938133239746,bar,5287431738,150.9060748775907,J5
41.86342239379883,12.47832679748535,restaurant,5296434075,99.77585722045811,J3
41.87604904174805,12.48555088043213,nightclub,5297903141,204.6829716315392,J4
41.8336067199707,12.472900390625,nightclub,5298545017,204.6829716315392,J1
41.86468124389648,12.48120498657227,nightclub,5298561396,204.6829716315392,J3
41.86465835571289,12.48131275177002,nightclub,5298561397,204.6829716315392,J3
41.90330123901367,12.47484016418457,restaurant,5298562963,99.77585722045811,J5
41.8932991027832,12.4791898727417,restaurant,5299487726,99.77585722045811,J5
41.88186645507812,12.50876998901367,hairdresser,5313787100,139.23176675426865,J4
41.88146209716797,12.5090217590332,hairdresser,5313787101,139.23176675426865,J4
41.83053970336914,12.47995662689209,sports_centre,5315006837,228.0957878683532,J1
41.89908218383789,12.50064563751221,restaurant,5322084723,99.77585722045811,J6
41.89141845703125,12.51086044311523,hotel,5323668480,119.68464700421315,J6
41.90351486206055,12.48684787750244,restaurant,5323703274,99.77585722045811,J6
41.90666961669922,12.4700870513916,cafe,5323866332,110.48168214386757,J5
41.88702774047852,12.46776390075684,bar,5327223921,150.9060748775907,J5
41.91287994384766,12.47514343261719,restaurant,5340602782,99.77585722045811,J5
41.88788604736328,12.53000926971436,fitness_centre,5350706873,210.6246589093701,J6
41.88772583007812,12.52975559234619,pub,5350706874,162.58985564238574,J6
41.9111213684082,12.52392768859863,restaurant,5351695478,99.77585722045811,J6
41.89959335327148,12.4768009185791,cafe,5355096921,110.48168214386757,J5
41.90012741088867,12.5003776550293,cafe,5382083821,110.48168214386757,J6
41.87185668945312,12.47909545898438,restaurant,5384767298,99.77585722045811,J3
41.87188339233398,12.47932052612305,fast_food,5384767299,130.48347508216804,J3
41.87154006958008,12.47919845581055,restaurant,5384767301,99.77585722045811,J3
41.87107467651367,12.48020935058594,cafe,5393594564,110.48168214386757,J3
41.89555358886719,12.444899559021,restaurant,5395984224,99.77585722045811,J5
41.8995361328125,12.48230075836182,restaurant,5398398307,99.77585722045811,J5
41.89923858642578,12.46890544891357,cafe,5398978422,110.48168214386757,J5
41.88002014160156,12.51412868499756,pub,5405132851,162.58985564238574,J4
41.90157699584961,12.47546863555908,cafe,5405603721,110.48168214386757,J5
41.87731170654297,12.46762466430664,cafe,5409882774,110.48168214386757,J3
41.87921524047852,12.46633625030518,fitness_centre,5409882787,210.6246589093701,J3
41.8739013671875,12.46569538116455,restaurant,5410006390,99.77585722045811,J3
41.87875747680664,12.46849822998047,restaurant,5410006407,99.77585722045811,J3
41.91376495361328,12.50599765777588,fast_food,5410198373,130.48347508216804,J6
41.90994262695312,12.51148414611816,cafe,5411116061,110.48168214386757,J6
41.91409683227539,12.50494956970215,fast_food,5411116070,130.48347508216804,J6
41.91721343994141,12.50162696838379,cafe,5411116072,110.48168214386757,J6
41.82021713256836,12.43730068206787,cafe,5428346821,110.48168214386757,J1
41.88309860229492,12.4989767074585,hotel,5434161800,119.68464700421315,J4
41.90838241577148,12.51918792724609,fast_food,5435192232,130.48347508216804,J6
41.903564453125,12.50145053863525,hostel,5435192256,186.14457253528667,J6
41.90185546875,12.49473857879639,hotel,5435192261,119.68464700421315,J6
41.88928985595703,12.47624015808105,bar,5435192271,150.9060748775907,J5
41.88935089111328,12.47591876983643,restaurant,5435192272,99.77585722045811,J5
41.88838577270508,12.47335433959961,restaurant,5435192277,99.77585722045811,J5
41.85705947875977,12.49047660827637,fast_food,5435947313,130.48347508216804,J4
41.87107467651367,12.45705032348633,bakery,5459129013,171.00638854344817,J3
41.84991073608398,12.53030109405518,swimming_pool,5459317894,240.3356905639248,J4
41.89791107177734,12.46842765808105,restaurant,5469634921,99.77585722045811,J5
41.86672592163086,12.49281787872314,hairdresser,5475648524,139.23176675426865,J4
41.86474609375,12.48508453369141,restaurant,5482505984,99.77585722045811,J3
41.8653450012207,12.48576259613037,fast_food,5486591797,130.48347508216804,J4
41.87948989868164,12.4852819442749,pub,5495889621,162.58985564238574,J4
41.89809036254883,12.4889965057373,fast_food,5506236036,130.48347508216804,J6
41.89770126342773,12.48838424682617,theatre,5506236038,181.67938381019462,J6
41.89641189575195,12.4764461517334,bar,5509334221,150.9060748775907,J5
41.88337326049805,12.52166271209717,theatre,5517073850,181.67938381019462,J4
41.91745758056641,12.49776935577393,fast_food,5521314756,130.48347508216804,J6
41.90492630004883,12.47613716125488,cafe,5525200522,110.48168214386757,J5
41.90909957885742,12.46330642700195,hotel,5531118921,119.68464700421315,J5
41.8829460144043,12.4686279296875,cafe,5542854573,110.48168214386757,J3
41.89751434326172,12.47907066345215,fast_food,5545281922,130.48347508216804,J5
41.89092254638672,12.52714443206787,fast_food,5545488621,130.48347508216804,J6
41.91841125488281,12.4873685836792,cafe,5550059922,110.48168214386757,J6
41.88354873657227,12.52261161804199,theatre,5551438244,181.67938381019462,J4
41.90670394897461,12.45655536651611,pub,5552446179,162.58985564238574,J5
41.90675354003906,12.45655632019043,restaurant,5552446180,99.77585722045811,J5
41.88165283203125,12.52333927154541,hairdresser,5552752723,139.23176675426865,J4
41.84922790527344,12.44640064239502,bar,5555074109,150.9060748775907,J3
41.89729690551758,12.51201438903809,restaurant,5557470321,99.77585722045811,J6
41.86360931396484,12.4853458404541,cafe,5589083264,110.48168214386757,J4
41.87831115722656,12.46810054779053,pub,5598305549,162.58985564238574,J3
41.87099075317383,12.44854068756104,pub,5598361509,162.58985564238574,J3
41.8909797668457,12.49790287017822,cafe,5611906441,110.48168214386757,J6
41.90464019775391,12.50445365905762,hostel,5612234838,186.14457253528667,J6
41.90465927124023,12.50442504882812,hairdresser,5612234842,139.23176675426865,J6
41.90472030639648,12.50436687469482,hotel,5612234845,119.68464700421315,J6
41.89844512939453,12.44471836090088,theatre,5613248596,181.67938381019462,J5
41.90996932983398,12.47747135162354,cafe,5626594322,110.48168214386757,J5
41.91447830200195,12.5045223236084,restaurant,5638092621,99.77585722045811,J6
41.89860153198242,12.46678638458252,fast_food,5643681729,130.48347508216804,J5
41.91024398803711,12.50044441223145,restaurant,5643793322,99.77585722045811,J6
41.86252975463867,12.45366096496582,restaurant,5645664465,99.77585722045811,J3
41.89992141723633,12.46485710144043,cafe,5645912451,110.48168214386757,J5
41.89648818969727,12.48177337646484,restaurant,5647603422,99.77585722045811,J5
41.85794448852539,12.43739318847656,hotel,5655714748,119.68464700421315,J3
41.89990615844727,12.47721767425537,restaurant,5655744721,99.77585722045811,J5
41.90360641479492,12.46227169036865,restaurant,5655978221,99.77585722045811,J5
41.88961029052734,12.47158527374268,restaurant,5656461921,99.77585722045811,J5
41.89645385742188,12.50517559051514,hotel,5668366021,119.68464700421315,J6
41.84850311279297,12.49131488800049,swimming_pool,5676011639,240.3356905639248,J2
41.87227630615234,12.47971725463867,restaurant,5697195439,99.77585722045811,J3
41.88306427001953,12.50803565979004,pub,5723719833,162.58985564238574,J4
41.8846435546875,12.50623321533203,theatre,5723719914,181.67938381019462,J6
41.89971160888672,12.47362804412842,fast_food,5729429221,130.48347508216804,J5
41.90477752685547,12.46191310882568,restaurant,5729429222,99.77585722045811,J5
41.90268707275391,12.4755802154541,hairdresser,5732655811,139.23176675426865,J5
41.90544891357422,12.45364665985107,cafe,5737556419,110.48168214386757,J5
41.88697052001953,12.50866794586182,restaurant,5761897353,99.77585722045811,J6
41.90608978271484,12.47973537445068,restaurant,5762092853,99.77585722045811,J5
41.90361404418945,12.44504356384277,fast_food,5762248358,130.48347508216804,J5
41.90773391723633,12.48806858062744,restaurant,5762508654,99.77585722045811,J6
41.89155578613281,12.49099540710449,cafe,5768796753,110.48168214386757,J6
41.89310455322266,12.47715282440186,cafe,5773734153,110.48168214386757,J5
41.91846084594727,12.5209264755249,restaurant,5799665985,99.77585722045811,J6
41.87573623657227,12.52759075164795,cafe,5813034854,110.48168214386757,J4
41.87539291381836,12.52750205993652,dentist,5813034954,256.04300605850636,J4
41.90446472167969,12.48818969726562,restaurant,5815873620,99.77585722045811,J6
41.87421035766602,12.52316093444824,fast_food,5816078955,130.48347508216804,J4
41.86073684692383,12.48628234863281,fast_food,5817743353,130.48347508216804,J4
41.90254974365234,12.4641284942627,cafe,5825456254,110.48168214386757,J5
41.89127731323242,12.46997928619385,pub,5825531457,162.58985564238574,J5
41.89903259277344,12.4734992980957,cafe,5826726587,110.48168214386757,J5
41.90057373046875,12.47997665405273,sports,5829710985,229.9843252238471,J5
41.86785125732422,12.46662616729736,cafe,5831885098,110.48168214386757,J3
41.84030151367188,12.46855735778809,nightclub,5831965985,204.6829716315392,J1
41.88982009887695,12.46930313110352,restaurant,5834021814,99.77585722045811,J5
41.91263580322266,12.47616291046143,bar,5834559085,150.9060748775907,J5
41.88250350952148,12.50767517089844,restaurant,5837165746,99.77585722045811,J4
41.90019989013672,12.49588680267334,restaurant,5837599685,99.77585722045811,J6
41.88249969482422,12.47054481506348,hotel,5846331571,119.68464700421315,J3
41.89555740356445,12.49113082885742,music_school,5853362499,229.79696225684975,J6
41.91078567504883,12.53024005889893,fast_food,5859000707,130.48347508216804,J6
41.85166549682617,12.49435997009277,restaurant,5872134796,99.77585722045811,J4
41.86887359619141,12.46149444580078,cafe,5906234601,110.48168214386757,J3
41.91617202758789,12.4970760345459,restaurant,5942178644,99.77585722045811,J6
41.9000358581543,12.47984027862549,cafe,5949187685,110.48168214386757,J5
41.8828239440918,12.51422500610352,cafe,5973923510,110.48168214386757,J4
41.90776443481445,12.45183372497559,restaurant,5978013385,99.77585722045811,J5
41.89333724975586,12.476806640625,bakery,5983779785,171.00638854344817,J5
41.89473342895508,12.47450733184814,hotel,5983782496,119.68464700421315,J5
41.86959838867188,12.48461151123047,fitness_centre,5998533584,210.6246589093701,J3
41.91119384765625,12.50025272369385,restaurant,6004560659,99.77585722045811,J6
41.89300537109375,12.50875282287598,hostel,6008366285,186.14457253528667,J6
41.9146728515625,12.46701622009277,sports,6043589034,229.9843252238471,J5
41.90901947021484,12.45498561859131,cafe,6046101685,110.48168214386757,J5
41.90375900268555,12.49395942687988,cafe,6057560165,110.48168214386757,J6
41.89821243286133,12.51723766326904,fast_food,6065463764,130.48347508216804,J6
41.89443206787109,12.50745582580566,restaurant,6073083076,99.77585722045811,J6
41.91221237182617,12.52057361602783,fast_food,6073314998,130.48347508216804,J6
41.90946960449219,12.52037239074707,fast_food,6073449032,130.48347508216804,J6
41.90919494628906,12.52053070068359,cafe,6073449034,110.48168214386757,J6
41.9100341796875,12.51941871643066,fast_food,6073449035,130.48347508216804,J6
41.91196060180664,12.47513389587402,cafe,6106488167,110.48168214386757,J5
41.90257263183594,12.46402740478516,bar,6124041239,150.9060748775907,J5
41.89939880371094,12.4777889251709,restaurant,6124042663,99.77585722045811,J5
41.87961959838867,12.51294040679932,restaurant,6153228288,99.77585722045811,J4
41.91037750244141,12.45038604736328,cafe,6160797985,110.48168214386757,J5
41.91109466552734,12.45675754547119,restaurant,6160798087,99.77585722045811,J5
41.90890884399414,12.48951148986816,cafe,6161441685,110.48168214386757,J6
41.90739440917969,12.4877290725708,restaurant,6165388085,99.77585722045811,J6
41.89724731445312,12.47871780395508,restaurant,6165388288,99.77585722045811,J5
41.90258407592773,12.48948192596436,restaurant,6167913475,99.77585722045811,J6
41.90318298339844,12.48787784576416,nightclub,6167913787,204.6829716315392,J6
41.90263366699219,12.48819923400879,hotel,6167913790,119.68464700421315,J6
41.86194610595703,12.44314670562744,fast_food,6173096004,130.48347508216804,J3
41.90336608886719,12.49425315856934,hostel,6173351210,186.14457253528667,J6
41.90104675292969,12.48433017730713,restaurant,6173924158,99.77585722045811,J5
41.90681457519531,12.48081207275391,cafe,6182286987,110.48168214386757,J5
41.85657119750977,12.48138999938965,fast_food,6189545062,130.48347508216804,J3
41.91481399536133,12.50729084014893,restaurant,6190679386,99.77585722045811,J6
41.89710235595703,12.47861766815186,cafe,6192927885,110.48168214386757,J5
41.90450668334961,12.48229598999023,cafe,6197745561,110.48168214386757,J5
41.8995246887207,12.49815654754639,hotel,6227939485,119.68464700421315,J6
41.90042114257812,12.51005458831787,restaurant,6237936817,99.77585722045811,J6
41.85343933105469,12.47516632080078,hairdresser,6241215433,139.23176675426865,J3
41.85558319091797,12.47468090057373,bar,6241263514,150.9060748775907,J3
41.87601470947266,12.44769859313965,bakery,6251580362,171.00638854344817,J3
41.85210037231445,12.49181175231934,restaurant,6255562971,99.77585722045811,J4
41.86533737182617,12.46667575836182,restaurant,6255580638,99.77585722045811,J3
41.9037971496582,12.44543933868408,bar,6262187782,150.9060748775907,J5
41.86283111572266,12.47964096069336,fast_food,6267724977,130.48347508216804,J3
41.90441513061523,12.47777938842773,hairdresser,6276289673,139.23176675426865,J5
41.91203689575195,12.47548198699951,restaurant,6285679950,99.77585722045811,J5
41.86074066162109,12.48061847686768,pub,6291917030,162.58985564238574,J3
41.89711380004883,12.4870777130127,bakery,6295536685,171.00638854344817,J6
41.89925765991211,12.47048282623291,cafe,6299620285,110.48168214386757,J5
41.89668655395508,12.49857425689697,pub,6299885385,162.58985564238574,J6
41.89584350585938,12.47819042205811,restaurant,6301207891,99.77585722045811,J5
41.86770629882812,12.4479455947876,bakery,6303532486,171.00638854344817,J3
41.91617584228516,12.43915367126465,hairdresser,6313982808,139.23176675426865,J5
41.91604232788086,12.43875122070312,pub,6313982811,162.58985564238574,J5
41.90895462036133,12.52659702301025,pub,6314038709,162.58985564238574,J6
41.90896606445312,12.52603149414062,restaurant,6314038710,99.77585722045811,J6
41.89822387695312,12.48906230926514,hotel,6324241385,119.68464700421315,J6
41.89395141601562,12.47733974456787,cafe,6329569390,110.48168214386757,J5
41.90425491333008,12.50309753417969,cafe,6331866481,110.48168214386757,J6
41.8978271484375,12.51355075836182,cafe,6333151884,110.48168214386757,J6
41.89046096801758,12.47039413452148,restaurant,6337141289,99.77585722045811,J5
41.89135360717773,12.47025108337402,restaurant,6355881485,99.77585722045811,J5
41.88681030273438,12.46781444549561,restaurant,6362278531,99.77585722045811,J5
41.87941741943359,12.47602081298828,restaurant,6364395556,99.77585722045811,J3
41.89035415649414,12.47087574005127,restaurant,6367314685,99.77585722045811,J5
41.86514282226562,12.47995471954346,fitness_centre,6371988986,210.6246589093701,J3
41.90447616577148,12.48996162414551,bakery,6384863585,171.00638854344817,J6
41.91858291625977,12.51432991027832,hotel,6386265485,119.68464700421315,J6
41.88026428222656,12.51555442810059,theatre,6402127134,181.67938381019462,J4
41.82992172241211,12.47292232513428,restaurant,6406540090,99.77585722045811,J1
41.90517044067383,12.50030422210693,restaurant,6417691071,99.77585722045811,J6
41.87377548217773,12.48066139221191,fast_food,6427711122,130.48347508216804,J3
41.88105773925781,12.51008415222168,bar,6462967866,150.9060748775907,J4
41.89424514770508,12.48060607910156,restaurant,6478116485,99.77585722045811,J5
41.88024139404297,12.4762487411499,bakery,6487273285,171.00638854344817,J3
41.90688323974609,12.45826435089111,fast_food,6488092285,130.48347508216804,J5
41.88397979736328,12.46098613739014,restaurant,6514628943,99.77585722045811,J3
41.91886520385742,12.50079154968262,restaurant,6532167512,99.77585722045811,J6
41.91846084594727,12.48681449890137,theatre,6558298569,181.67938381019462,J6
41.84267807006836,12.49107360839844,restaurant,6563573590,99.77585722045811,J2
41.84673309326172,12.48901557922363,cafe,6565556015,110.48168214386757,J2
41.8475227355957,12.49008464813232,bakery,6565579767,171.00638854344817,J2
41.89341735839844,12.4980993270874,bar,6573371207,150.9060748775907,J6
41.90054702758789,12.47563934326172,restaurant,6611636486,99.77585722045811,J5
41.86495590209961,12.46795082092285,fast_food,6612700886,130.48347508216804,J3
41.89600372314453,12.47218418121338,restaurant,6617653092,99.77585722045811,J5
41.90583419799805,12.49550247192383,restaurant,6627498686,99.77585722045811,J6
41.87746047973633,12.50453853607178,bar,6659441777,150.9060748775907,J4
41.91121292114258,12.50077152252197,restaurant,6688404385,99.77585722045811,J6
41.87697982788086,12.53186988830566,cafe,6696635308,110.48168214386757,J4
41.89675140380859,12.50001525878906,restaurant,6717890087,99.77585722045811,J6
41.90769195556641,12.44697189331055,bakery,6745288707,171.00638854344817,J5
41.85377883911133,12.47842407226562,fitness_centre,6758972387,210.6246589093701,J3
41.89934539794922,12.49142551422119,hotel,6782498333,119.68464700421315,J6
41.89970397949219,12.49187850952148,sports,6782498346,229.9843252238471,J6
41.90187072753906,12.49519824981689,cafe,6782520394,110.48168214386757,J6
41.89456176757812,12.50191783905029,fast_food,6795599191,130.48347508216804,J6
41.90612030029297,12.50083541870117,pub,6862321802,162.58985564238574,J6
41.87492752075195,12.48031806945801,dentist,6862838924,256.04300605850636,J3
41.88976287841797,12.49524116516113,cafe,6863307585,110.48168214386757,J6
41.89674758911133,12.45534706115723,hotel,6872101085,119.68464700421315,J5
41.89465713500977,12.47458553314209,bakery,6920380585,171.00638854344817,J5
41.89720916748047,12.46807098388672,restaurant,6927957185,99.77585722045811,J5
41.89911270141602,12.46904754638672,restaurant,6928027285,99.77585722045811,J5
41.9171028137207,12.4556999206543,pub,6929538331,162.58985564238574,J5
41.91567611694336,12.4559497833252,fast_food,6929545007,130.48347508216804,J5
41.90592575073242,12.47880172729492,bar,6993087585,150.9060748775907,J5
41.8998908996582,12.45624160766602,restaurant,6995376385,99.77585722045811,J5
41.9098014831543,12.47550487518311,restaurant,7003801287,99.77585722045811,J5
41.8927001953125,12.50137424468994,restaurant,7004610585,99.77585722045811,J6
41.90164184570312,12.47355270385742,restaurant,7008814795,99.77585722045811,J5
41.89243698120117,12.52852439880371,pub,7021964107,162.58985564238574,J6
41.89088439941406,12.47111320495605,restaurant,7022428802,99.77585722045811,J5
41.87994003295898,12.50843334197998,bakery,7054200286,171.00638854344817,J4
41.89838409423828,12.47173881530762,hotel,7057113763,119.68464700421315,J5
41.85280990600586,12.50016784667969,sports_centre,7060084586,228.0957878683532,J4
41.87815475463867,12.51550483703613,cafe,7071707091,110.48168214386757,J4
41.87969970703125,12.52122402191162,cafe,7078195773,110.48168214386757,J4
41.89723205566406,12.46913528442383,hotel,7084773785,119.68464700421315,J5
41.84957122802734,12.48786735534668,hairdresser,7087894965,139.23176675426865,J4
41.85154724121094,12.47918128967285,restaurant,7088068673,99.77585722045811,J3
41.85183334350586,12.47886753082275,restaurant,7088068681,99.77585722045811,J3
41.91046142578125,12.51948833465576,hairdresser,7088414467,139.23176675426865,J6
41.9107780456543,12.51966381072998,bakery,7088414472,171.00638854344817,J6
41.9095573425293,12.52005004882812,bakery,7088520776,171.00638854344817,J6
41.9092903137207,12.52216339111328,hairdresser,7089181714,139.23176675426865,J6
41.90942001342773,12.52168655395508,bakery,7089181727,171.00638854344817,J6
41.86698532104492,12.48542881011963,hairdresser,7090368593,139.23176675426865,J4
41.84651184082031,12.48399448394775,cafe,7101491216,110.48168214386757,J1
41.84627151489258,12.48366165161133,hairdresser,7101491243,139.23176675426865,J1
41.89400863647461,12.50352668762207,hotel,7124948864,119.68464700421315,J6
41.89809417724609,12.49015045166016,restaurant,7131673885,99.77585722045811,J6
41.846435546875,12.49132919311523,bar,7137029859,150.9060748775907,J2
41.87967681884766,12.50297927856445,hotel,7142163804,119.68464700421315,J4
41.91442108154297,12.50666999816895,bakery,7142447181,171.00638854344817,J6
41.88088607788086,12.47413349151611,restaurant,7175498574,99.77585722045811,J3
41.85858535766602,12.49208736419678,theatre,7178784572,181.67938381019462,J4
41.87451171875,12.51703453063965,cafe,7180905686,110.48168214386757,J4
41.87446975708008,12.51703643798828,bakery,7180928885,171.00638854344817,J4
41.88552856445312,12.45890522003174,cafe,7183897062,110.48168214386757,J5
41.89948654174805,12.48196506500244,restaurant,7193332257,99.77585722045811,J5
41.87725830078125,12.51896572113037,cafe,7194969145,110.48168214386757,J4
41.87760925292969,12.51846885681152,cafe,7194969171,110.48168214386757,J4
41.87474822998047,12.46928405761719,cafe,7218637686,110.48168214386757,J3
41.85402297973633,12.47844696044922,hairdresser,7221238969,139.23176675426865,J3
41.90075302124023,12.47586727142334,restaurant,7238502486,99.77585722045811,J5
41.85240173339844,12.52012252807617,restaurant,7271935637,99.77585722045811,J4
41.85615158081055,12.478759765625,fast_food,7299498394,130.48347508216804,J3
41.8973388671875,12.51085186004639,cafe,7425270427,110.48168214386757,J6
41.85405731201172,12.48634719848633,cafe,7437443932,110.48168214386757,J4
41.8541374206543,12.48615169525146,hairdresser,7437443944,139.23176675426865,J4
41.85962677001953,12.48787784576416,dentist,7638363400,256.04300605850636,J4
41.86745071411133,12.49437046051025,cafe,7719486812,110.48168214386757,J4
41.8593864440918,12.48147201538086,restaurant,7720378994,99.77585722045811,J3
41.87150192260742,12.52981567382812,cafe,7723471303,110.48168214386757,J4
41.8990364074707,12.47745609283447,restaurant,7757282085,99.77585722045811,J5
41.85736846923828,12.49703979492188,bar,7757543402,150.9060748775907,J4
41.85464859008789,12.4718713760376,restaurant,7760915021,99.77585722045811,J3
41.90887832641602,12.46004772186279,bar,7775360886,150.9060748775907,J5
41.86960220336914,12.53241634368896,cafe,7775373888,110.48168214386757,J4
41.85727691650391,12.48383140563965,hairdresser,7783424191,139.23176675426865,J3
41.90879440307617,12.46166706085205,restaurant,7820111393,99.77585722045811,J5
41.86632919311523,12.52941799163818,sports_centre,7858254501,228.0957878683532,J4
41.84725189208984,12.48232841491699,sports_centre,7860598276,228.0957878683532,J1
41.84756088256836,12.4817361831665,sports_centre,7860653058,228.0957878683532,J1
41.89756393432617,12.47396564483643,restaurant,7874580774,99.77585722045811,J5
41.88862609863281,12.47109794616699,restaurant,7874625119,99.77585722045811,J5
41.89487457275391,12.47494029998779,restaurant,7884456285,99.77585722045811,J5
41.87525177001953,12.52609348297119,fitness_centre,7884949899,210.6246589093701,J4
41.87374114990234,12.52826023101807,hairdresser,7886693267,139.23176675426865,J4
41.87329864501953,12.51439952850342,cafe,7889512518,110.48168214386757,J4
41.89249801635742,12.49256706237793,cafe,7896481085,110.48168214386757,J6
41.87985992431641,12.50762271881104,restaurant,7908783641,99.77585722045811,J4
41.9073600769043,12.45016860961914,pub,7912200670,162.58985564238574,J5
41.84200286865234,12.4816780090332,hairdresser,7933506742,139.23176675426865,J1
41.82024383544922,12.48197937011719,hairdresser,7966149760,139.23176675426865,J1
41.82047653198242,12.48176574707031,cafe,7966149770,110.48168214386757,J1
41.90874099731445,12.46657562255859,restaurant,7995859485,99.77585722045811,J5
41.85646057128906,12.47918510437012,cafe,8003429296,110.48168214386757,J3
41.86922073364258,12.53092575073242,hairdresser,8022281781,139.23176675426865,J4
41.86908721923828,12.53119373321533,fast_food,8022281787,130.48347508216804,J4
41.8671989440918,12.53071594238281,hairdresser,8022281858,139.23176675426865,J4
41.89153671264648,12.53004360198975,bakery,8084582722,171.00638854344817,J6
41.88920211791992,12.53062915802002,bar,8084582733,150.9060748775907,J6
41.88951110839844,12.53164005279541,pub,8084582737,162.58985564238574,J6
41.92003631591797,12.47866821289062,fast_food,8154636089,130.48347508216804,J5
41.89902496337891,12.47217464447021,restaurant,8258621799,99.77585722045811,J5
41.89249801635742,12.50124359130859,restaurant,8387137795,99.77585722045811,J6
41.89227294921875,12.50196552276611,restaurant,8387143259,99.77585722045811,J6
41.89196014404297,12.50179004669189,fast_food,8387143286,130.48347508216804,J6
41.91509628295898,12.46345043182373,cafe,8410809584,110.48168214386757,J5
41.86302947998047,12.4709529876709,hairdresser,8410965784,139.23176675426865,J3
41.86312866210938,12.47153091430664,dentist,8412065710,256.04300605850636,J3
41.88131332397461,12.51507663726807,restaurant,8442926800,99.77585722045811,J4
41.87747573852539,12.45790481567383,bakery,8573986400,171.00638854344817,J3
41.88265609741211,12.45664691925049,fast_food,8579493619,130.48347508216804,J3
41.87496185302734,12.48032474517822,cafe,8583186162,110.48168214386757,J3
41.87600708007812,12.52718734741211,dentist,8585626446,256.04300605850636,J4
41.87575912475586,12.4670524597168,cafe,8602704039,110.48168214386757,J3
41.91740036010742,12.46572589874268,theatre,8632312449,181.67938381019462,J5
41.8851318359375,12.46815204620361,restaurant,8658007630,99.77585722045811,J5
41.85145950317383,12.4942684173584,hairdresser,8658480653,139.23176675426865,J4
41.85661697387695,12.48978519439697,hairdresser,8706618157,139.23176675426865,J4
41.86966705322266,12.4880952835083,fitness_centre,8734344815,210.6246589093701,J4
41.86995315551758,12.48476219177246,cafe,8734348328,110.48168214386757,J3
41.87063598632812,12.48049354553223,bar,8742801118,150.9060748775907,J3
41.87904357910156,12.46571922302246,bar,8768856800,150.9060748775907,J3
41.87393951416016,12.46985912322998,fitness_centre,8771369297,210.6246589093701,J3
41.89912414550781,12.51653480529785,fitness_centre,8777524598,210.6246589093701,J6
41.88727188110352,12.47094535827637,restaurant,8784750028,99.77585722045811,J5
41.87489700317383,12.47439575195312,restaurant,8797916305,99.77585722045811,J3
41.90261077880859,12.46793556213379,bar,8838515849,150.9060748775907,J5
41.89719390869141,12.47263431549072,bar,8842400174,150.9060748775907,J5
41.89607620239258,12.47236728668213,cafe,8842407723,110.48168214386757,J5
41.89115524291992,12.50136661529541,pub,8895929845,162.58985564238574,J6
41.90715789794922,12.47796821594238,hotel,8899039132,119.68464700421315,J5
41.91931915283203,12.4990062713623,dentist,8946857225,256.04300605850636,J6
41.89906692504883,12.53170776367188,hairdresser,8971681505,139.23176675426865,J6
41.88869094848633,12.52824687957764,restaurant,8972249235,99.77585722045811,J6
41.91634750366211,12.48132419586182,bar,9002134917,150.9060748775907,J5
41.87591552734375,12.53326320648193,cafe,9019588686,110.48168214386757,J4
41.8851203918457,12.45961570739746,restaurant,9031787094,99.77585722045811,J5
41.88240051269531,12.4597749710083,restaurant,9037228869,99.77585722045811,J3
41.85139846801758,12.49356746673584,hairdresser,9070367880,139.23176675426865,J4
41.91107177734375,12.50004386901855,restaurant,9099254117,99.77585722045811,J6
41.91285705566406,12.47559070587158,fast_food,9105709917,130.48347508216804,J5
41.83502960205078,12.48055934906006,bar,9171143948,150.9060748775907,J1
41.88891983032227,12.53157424926758,bar,9172402681,150.9060748775907,J6
41.89474868774414,12.47365188598633,restaurant,9178069617,99.77585722045811,J5
41.89730834960938,12.51253032684326,hotel,9178235552,119.68464700421315,J6
41.90046691894531,12.51465511322021,hotel,9197861250,119.68464700421315,J6
41.89544677734375,12.43971157073975,restaurant,9224574429,99.77585722045811,J5
41.8631591796875,12.48443126678467,bar,9227318516,150.9060748775907,J3
41.899169921875,12.47130107879639,hotel,9238707435,119.68464700421315,J5
41.90119552612305,12.51727390289307,fast_food,9241180810,130.48347508216804,J6
41.89931488037109,12.47078514099121,hotel,9254082651,119.68464700421315,J5
41.86210632324219,12.49007892608643,events_venue,9312609169,263.5838435718063,J4
41.90077590942383,12.49615669250488,cafe,9326638596,110.48168214386757,J6
41.89907836914062,12.50255107879639,cafe,9331900843,110.48168214386757,J6
41.87647247314453,12.47324180603027,music_school,9366038191,229.79696225684975,J3
41.83235549926758,12.47219657897949,cafe,9369965089,110.48168214386757,J1
41.90984344482422,12.44891548156738,hairdresser,9407407740,139.23176675426865,J5
41.90990447998047,12.44893264770508,cafe,9407407741,110.48168214386757,J5
41.87346267700195,12.52638244628906,cafe,9430209709,110.48168214386757,J4
41.91816711425781,12.48431587219238,hotel,9493112520,119.68464700421315,J5
41.89925384521484,12.47268390655518,restaurant,9498676681,99.77585722045811,J5
41.89966201782227,12.47257041931152,restaurant,9498676686,99.77585722045811,J5
41.89944458007812,12.47261524200439,restaurant,9498676688,99.77585722045811,J5
41.91017913818359,12.53067111968994,cafe,9524940483,110.48168214386757,J6
41.88412857055664,12.52996921539307,music_school,9556346597,229.79696225684975,J4
41.89917373657227,12.49783897399902,restaurant,9571518057,99.77585722045811,J6
41.90001678466797,12.4995813369751,restaurant,9647743508,99.77585722045811,J6
41.91625213623047,12.49770355224609,cafe,9654325019,110.48168214386757,J6
41.86582946777344,12.48993015289307,music_school,9661158441,229.79696225684975,J4
41.9017448425293,12.50353050231934,fast_food,9662296137,130.48347508216804,J6
41.90139007568359,12.50410652160645,hotel,9662296147,119.68464700421315,J6
41.90122985839844,12.50468254089355,restaurant,9662296153,99.77585722045811,J6
41.90116119384766,12.50447463989258,hotel,9662296154,119.68464700421315,J6
41.90217208862305,12.50505352020264,hotel,9666125056,119.68464700421315,J6
41.90432739257812,12.50428771972656,restaurant,9690515121,99.77585722045811,J6
41.89722442626953,12.50266456604004,hotel,9702851717,119.68464700421315,J6
41.90531158447266,12.49975872039795,fast_food,9707771817,130.48347508216804,J6
41.9033203125,12.50261306762695,hotel,9710737444,119.68464700421315,J6
41.90341186523438,12.50270843505859,hotel,9710737447,119.68464700421315,J6
41.90361022949219,12.50146579742432,restaurant,9710737468,99.77585722045811,J6
41.89840316772461,12.5142068862915,fast_food,9711056471,130.48347508216804,J6
41.90370941162109,12.50316047668457,hotel,9717224409,119.68464700421315,J6
41.90140151977539,12.501784324646,fast_food,9728697383,130.48347508216804,J6
41.87394714355469,12.51391506195068,restaurant,9738038262,99.77585722045811,J4
41.90068817138672,12.47080516815186,restaurant,9741107517,99.77585722045811,J5
41.9046745300293,12.50474166870117,hairdresser,9756503472,139.23176675426865,J6
41.9039306640625,12.50053882598877,fast_food,9756503531,130.48347508216804,J6
41.90420913696289,12.50016593933105,restaurant,9756503537,99.77585722045811,J6
41.89501571655273,12.47393989562988,restaurant,9768607517,99.77585722045811,J5
41.90875244140625,12.49738121032715,hotel,9773683551,119.68464700421315,J6
41.89833450317383,12.50279808044434,restaurant,9774186275,99.77585722045811,J6
41.90461730957031,12.50046253204346,hotel,9784529347,119.68464700421315,J6
41.90476226806641,12.50067615509033,restaurant,9784529349,99.77585722045811,J6
41.86653900146484,12.49000453948975,cafe,9785865430,110.48168214386757,J4
41.84811782836914,12.48844814300537,hairdresser,9792745162,139.23176675426865,J2
41.89897155761719,12.50092124938965,hotel,9809526458,119.68464700421315,J6
41.84815979003906,12.4885139465332,hairdresser,9836486183,139.23176675426865,J2
41.89591979980469,12.47348022460938,restaurant,9838950622,99.77585722045811,J5
41.90116882324219,12.46308326721191,pub,9862494432,162.58985564238574,J5
41.85342407226562,12.49838542938232,cafe,9869764775,110.48168214386757,J4
41.90811157226562,12.45525550842285,cafe,9897480785,110.48168214386757,J5
41.89582443237305,12.47621631622314,restaurant,9899818858,99.77585722045811,J5
41.9040412902832,12.48341274261475,cafe,9899971535,110.48168214386757,J5
41.90555953979492,12.50337219238281,restaurant,9908094346,99.77585722045811,J6
41.90550231933594,12.50671863555908,hostel,9912732203,186.14457253528667,J6
41.90364837646484,12.46168804168701,pub,9918474068,162.58985564238574,J5
41.89585494995117,12.51392555236816,pub,9919861980,162.58985564238574,J6
41.90563201904297,12.44549369812012,fast_food,9949906719,130.48347508216804,J5
41.90457153320312,12.49944496154785,cafe,9961065841,110.48168214386757,J6
41.90436172485352,12.49998950958252,hotel,9961065859,119.68464700421315,J6
41.90497970581055,12.5001916885376,restaurant,9961065896,99.77585722045811,J6
41.89342880249023,12.47056579589844,restaurant,9970532652,99.77585722045811,J5
41.90096664428711,12.50217056274414,fast_food,9975259920,130.48347508216804,J6
41.90617752075195,12.50091743469238,restaurant,10000899359,99.77585722045811,J6
41.8719482421875,12.47017288208008,bar,10012023318,150.9060748775907,J3
41.85919570922852,12.48914813995361,dentist,10042610877,256.04300605850636,J4
41.89512252807617,12.47348690032959,theatre,10074639999,181.67938381019462,J5
41.90522766113281,12.50260353088379,hotel,10089396662,119.68464700421315,J6
41.90797805786133,12.50354385375977,restaurant,10091745761,99.77585722045811,J6
41.88025665283203,12.46332740783691,restaurant,10094933218,99.77585722045811,J3
41.90612411499023,12.50017261505127,restaurant,10095952154,99.77585722045811,J6
41.86272048950195,12.44249248504639,cafe,10108082531,110.48168214386757,J3
41.90460968017578,12.49134254455566,restaurant,10116760683,99.77585722045811,J6
41.90960693359375,12.49079990386963,hotel,10117169980,119.68464700421315,J6
41.90737533569336,12.49768447875977,restaurant,10117169993,99.77585722045811,J6
41.91155242919922,12.45533275604248,restaurant,10125214417,99.77585722045811,J5
41.88889694213867,12.4754581451416,cafe,10157402517,110.48168214386757,J5
41.90581512451172,12.50301551818848,hotel,10181483317,119.68464700421315,J6
41.89722061157227,12.51282787322998,restaurant,10181483417,99.77585722045811,J6
41.90471649169922,12.49266338348389,fast_food,10200225250,130.48347508216804,J6
41.90462112426758,12.49030780792236,hairdresser,10200225254,139.23176675426865,J6
41.91094970703125,12.52426338195801,restaurant,10245088673,99.77585722045811,J6
41.89698791503906,12.47434425354004,hairdresser,10248418330,139.23176675426865,J5
41.89489364624023,12.49109935760498,bar,10263200821,150.9060748775907,J6
41.87298583984375,12.45538330078125,restaurant,10277382814,99.77585722045811,J3
41.8983154296875,12.50454425811768,fitness_centre,10285997509,210.6246589093701,J6
41.89992523193359,12.49452114105225,cafe,10300691464,110.48168214386757,J6
41.90660858154297,12.4972677230835,cafe,10300778716,110.48168214386757,J6
41.90559005737305,12.49580001831055,restaurant,10300778737,99.77585722045811,J6
41.85498809814453,12.47900676727295,pub,10542458528,162.58985564238574,J3
41.90592193603516,12.47225952148438,cafe,10555138711,110.48168214386757,J5
41.86165237426758,12.46749782562256,cafe,10574346376,110.48168214386757,J3
41.8997917175293,12.47783184051514,restaurant,10595970609,99.77585722045811,J5
41.85715866088867,12.4846019744873,cafe,10601617606,110.48168214386757,J3
41.88834762573242,12.47094058990479,cafe,10608553461,110.48168214386757,J5
41.89937591552734,12.50118255615234,hotel,10659809905,119.68464700421315,J6
41.89021301269531,12.46828937530518,restaurant,10660809877,99.77585722045811,J5
41.86710739135742,12.47898197174072,cafe,10676094173,110.48168214386757,J3
41.89730834960938,12.48199272155762,hotel,10695800305,119.68464700421315,J5
41.88784027099609,12.48413944244385,restaurant,10715995943,99.77585722045811,J5
41.8607063293457,12.48636817932129,hairdresser,10719307027,139.23176675426865,J4
41.90068817138672,12.50224113464355,restaurant,10723829571,99.77585722045811,J6
41.8707160949707,12.51668357849121,music_school,10735319430,229.79696225684975,J4
41.89953994750977,12.49194622039795,hairdresser,10748877212,139.23176675426865,J6
41.89948272705078,12.49201488494873,restaurant,10748877214,99.77585722045811,J6
41.89785385131836,12.47461700439453,restaurant,10753616605,99.77585722045811,J5
41.86431121826172,12.4784984588623,fast_food,10760752705,130.48347508216804,J3
41.90050888061523,12.49737167358398,hotel,10768314939,119.68464700421315,J6
41.89810943603516,12.50168323516846,restaurant,10786950314,99.77585722045811,J6
41.88019561767578,12.51941108703613,restaurant,10793957618,99.77585722045811,J4
41.90090560913086,12.48399353027344,restaurant,10794737105,99.77585722045811,J5
41.88429641723633,12.51012992858887,restaurant,10800012205,99.77585722045811,J4
41.89592361450195,12.50494384765625,cafe,10823711036,110.48168214386757,J6
41.89887619018555,12.49883365631104,cafe,10828949585,110.48168214386757,J6
41.86676788330078,12.44367408752441,restaurant,10830473605,99.77585722045811,J3
41.89853668212891,12.49940013885498,restaurant,10831591002,99.77585722045811,J6
41.8174934387207,12.48408508300781,restaurant,10844743609,99.77585722045811,J1
41.90724945068359,12.45406913757324,bar,10855611971,150.9060748775907,J5
41.90291976928711,12.45970153808594,cafe,10858646649,110.48168214386757,J5
41.89609146118164,12.50134086608887,restaurant,10864368298,99.77585722045811,J6
41.89384078979492,12.47271156311035,fast_food,10864463405,130.48347508216804,J5
41.89091873168945,12.46829414367676,restaurant,10867402606,99.77585722045811,J5
41.89578247070312,12.49894428253174,pub,10871463929,162.58985564238574,J6
41.89490509033203,12.49832725524902,cafe,10871493090,110.48168214386757,J6
41.89585876464844,12.48720455169678,hotel,10873436948,119.68464700421315,J6
41.90494537353516,12.4788932800293,sports,10873539265,229.9843252238471,J5
41.90413284301758,12.48757648468018,hairdresser,10877817761,139.23176675426865,J6
41.90857315063477,12.5200023651123,restaurant,10877863692,99.77585722045811,J6
41.82743453979492,12.48009490966797,fast_food,10904958871,130.48347508216804,J1
41.91185760498047,12.45639133453369,fast_food,10914424839,130.48347508216804,J5
41.90030670166016,12.50885486602783,fitness_centre,10926383773,210.6246589093701,J6
41.89711380004883,12.49502277374268,cafe,10936332996,110.48168214386757,J6
41.87248992919922,12.53106594085693,restaurant,10940604288,99.77585722045811,J4
41.9005012512207,12.475341796875,hotel,10982881281,119.68464700421315,J5
41.91207122802734,12.47561264038086,fast_food,10991568486,130.48347508216804,J5
41.90308380126953,12.49336051940918,restaurant,11005533024,99.77585722045811,J6
41.91103363037109,12.45649242401123,hotel,11047679506,119.68464700421315,J5
41.85609817504883,12.47956085205078,restaurant,11055706508,99.77585722045811,J3
41.85849380493164,12.46856307983398,sports_centre,11070857482,228.0957878683532,J3
41.90620803833008,12.44637012481689,restaurant,11079412205,99.77585722045811,J5
41.89683532714844,12.4820032119751,restaurant,11093332105,99.77585722045811,J5
41.90127944946289,12.49786567687988,cafe,11165207999,110.48168214386757,J6
41.89997482299805,12.50153350830078,bar,11171309640,150.9060748775907,J6
41.90768814086914,12.45296478271484,restaurant,11196354638,99.77585722045811,J5
41.88479232788086,12.47138786315918,sports_centre,11208102698,228.0957878683532,J5
41.87770462036133,12.4740161895752,fast_food,11232455741,130.48347508216804,J3
41.90341949462891,12.4610767364502,restaurant,11252392189,99.77585722045811,J5
41.89484786987305,12.50109481811523,restaurant,11271339302,99.77585722045811,J6
41.89599990844727,12.47192192077637,restaurant,11277011369,99.77585722045811,J5
41.88857650756836,12.47098064422607,restaurant,11278098069,99.77585722045811,J5
41.91104507446289,12.50109481811523,restaurant,11299685154,99.77585722045811,J6
41.88448333740234,12.45981788635254,bakery,11374607569,171.00638854344817,J5
41.90312957763672,12.4863109588623,bar,11389822370,150.9060748775907,J6
41.89515686035156,12.47619533538818,fast_food,11390222828,130.48347508216804,J5
41.89481735229492,12.47962188720703,hairdresser,11390229832,139.23176675426865,J5
41.89987945556641,12.45295333862305,fast_food,11391838081,130.48347508216804,J5
41.86698150634766,12.4867000579834,bakery,11395903083,171.00638854344817,J4
41.8994140625,12.47794532775879,restaurant,11400208539,99.77585722045811,J5
41.89664840698242,12.49435615539551,restaurant,11426709469,99.77585722045811,J6
41.90871429443359,12.52031135559082,hairdresser,11446033523,139.23176675426865,J6
41.90747451782227,12.51795482635498,cafe,11446068912,110.48168214386757,J6
41.90747833251953,12.51710414886475,restaurant,11446850288,99.77585722045811,J6
41.90804672241211,12.51699066162109,cafe,11446850293,110.48168214386757,J6
41.90662384033203,12.51640319824219,restaurant,11456598905,99.77585722045811,J6
41.90936660766602,12.5143404006958,hotel,11462273429,119.68464700421315,J6
41.91139602661133,12.51307773590088,theatre,11462391346,181.67938381019462,J6
41.89274215698242,12.50487041473389,restaurant,11465470743,99.77585722045811,J6
41.90329742431641,12.50812530517578,bar,11466379885,150.9060748775907,J6
41.89511489868164,12.50520610809326,cafe,11478736179,110.48168214386757,J6
41.91287231445312,12.51802730560303,bar,11481060811,150.9060748775907,J6
41.88232421875,12.51539993286133,pub,11482527484,162.58985564238574,J4
41.89938354492188,12.50204849243164,restaurant,11491848516,99.77585722045811,J6
41.89302444458008,12.50554466247559,cafe,11494055426,110.48168214386757,J6
41.87356567382812,12.52653408050537,fast_food,11496692649,130.48347508216804,J4
41.87374877929688,12.52721786499023,fast_food,11496692702,130.48347508216804,J4
41.87504959106445,12.52800178527832,hairdresser,11496692758,139.23176675426865,J4
41.90149688720703,12.49419498443604,cafe,11497777267,110.48168214386757,J6
41.91159439086914,12.53172397613525,fast_food,11497798045,130.48347508216804,J6
41.8897705078125,12.52384853363037,cafe,11500681430,110.48168214386757,J6
41.90264129638672,12.49526214599609,hairdresser,11513543968,139.23176675426865,J6
41.83025741577148,12.48772525787354,restaurant,11518458377,99.77585722045811,J2
41.87482833862305,12.51669120788574,bar,11523011080,150.9060748775907,J4
41.87713623046875,12.51619338989258,fast_food,11523011086,130.48347508216804,J4
41.88772583007812,12.46965217590332,bakery,11550111069,171.00638854344817,J5
41.91041564941406,12.51547813415527,restaurant,11591180928,99.77585722045811,J6
41.90783309936523,12.45220947265625,restaurant,11600432711,99.77585722045811,J5
41.90685272216797,12.48902988433838,nightclub,11608407754,204.6829716315392,J6
41.85555648803711,12.47677993774414,fast_food,11645886921,130.48347508216804,J3
41.85208892822266,12.4646110534668,sports_centre,11645909303,228.0957878683532,J3
41.90691757202148,12.46797180175781,pub,11662271569,162.58985564238574,J5
41.9093017578125,12.45912170410156,cafe,11670108951,110.48168214386757,J5
41.8873405456543,12.52610969543457,hostel,11697072361,186.14457253528667,J6
41.89685821533203,12.49619770050049,bar,11709312168,150.9060748775907,J6
41.89620971679688,12.50563049316406,cafe,11729925879,110.48168214386757,J6
41.87733459472656,12.43677425384521,fitness_centre,11747156838,210.6246589093701,J3
41.90800094604492,12.4706506729126,restaurant,11760157969,99.77585722045811,J5
41.87572860717773,12.48968505859375,bar,11779006873,150.9060748775907,J4
41.83847045898438,12.452712059021,cafe,11795085529,110.48168214386757,J1
41.84636306762695,12.45677947998047,bar,11795114923,150.9060748775907,J1
41.88743591308594,12.50529766082764,hairdresser,11795540551,139.23176675426865,J6
41.89392471313477,12.47680759429932,restaurant,11795992094,99.77585722045811,J5
41.89227294921875,12.47567653656006,hotel,11796039738,119.68464700421315,J5
41.90433502197266,12.4911937713623,cafe,11810607823,110.48168214386757,J6
41.90850830078125,12.4761266708374,restaurant,11813416470,99.77585722045811,J5
41.87852096557617,12.47373485565186,restaurant,11846399239,99.77585722045811,J3
41.88426971435547,12.50787544250488,cafe,11849790673,110.48168214386757,J4
41.86690139770508,12.46877956390381,hairdresser,11898904836,139.23176675426865,J3
41.86479187011719,12.46886444091797,restaurant,11898905064,99.77585722045811,J3
41.85824203491211,12.44041919708252,fitness_centre,11909725983,210.6246589093701,J3
41.87213134765625,12.52584648132324,hairdresser,11917710209,139.23176675426865,J4
41.8718376159668,12.52618408203125,restaurant,11917710214,99.77585722045811,J4
41.88253021240234,12.51381874084473,hairdresser,11961443828,139.23176675426865,J4
41.89084625244141,12.46849632263184,bar,11964591570,150.9060748775907,J5
41.88787460327148,12.4734354019165,restaurant,11981274369,99.77585722045811,J5
41.90242385864258,12.48348426818848,bar,12003817556,150.9060748775907,J5
41.89524459838867,12.44040393829346,restaurant,12007584769,99.77585722045811,J5
41.90359115600586,12.48483657836914,hotel,12007650525,119.68464700421315,J5
41.90445327758789,12.48571395874023,hotel,12008993839,119.68464700421315,J6
41.90309524536133,12.48563003540039,restaurant,12009401563,99.77585722045811,J6
41.90356826782227,12.48655796051025,hairdresser,12010189791,139.23176675426865,J6
41.90506362915039,12.48537349700928,hotel,12014379671,119.68464700421315,J6
41.90562057495117,12.48435592651367,restaurant,12014460404,99.77585722045811,J5
41.90345001220703,12.48290348052979,restaurant,12017494098,99.77585722045811,J5
41.90374374389648,12.48329448699951,sports,12018507650,229.9843252238471,J5
41.85495376586914,12.48095703125,restaurant,12020433036,99.77585722045811,J3
41.90016555786133,12.47792053222656,restaurant,12020589028,99.77585722045811,J5
41.88000869750977,12.50215244293213,cafe,12022501622,110.48168214386757,J4
41.90336608886719,12.47993183135986,bar,12026816011,150.9060748775907,J5
41.90347671508789,12.48026084899902,bar,12026816016,150.9060748775907,J5
41.90349578857422,12.48035621643066,hotel,12026816018,119.68464700421315,J5
41.90382766723633,12.48136329650879,restaurant,12026840313,99.77585722045811,J5
41.90430068969727,12.47944355010986,hairdresser,12030655880,139.23176675426865,J5
41.91879272460938,12.4574556350708,hostel,12030778828,186.14457253528667,J5
41.90470504760742,12.48132038116455,hotel,12030856201,119.68464700421315,J5
41.90613174438477,12.47961044311523,hotel,12048973078,119.68464700421315,J5
41.89945983886719,12.45424461364746,restaurant,12059855916,99.77585722045811,J5
41.90589141845703,12.48133087158203,restaurant,12059980507,99.77585722045811,J5
41.90588760375977,12.48128795623779,hotel,12059980510,119.68464700421315,J5
41.90550231933594,12.47956085205078,hotel,12060149369,119.68464700421315,J5
41.87135314941406,12.47926807403564,restaurant,12066655271,99.77585722045811,J3
41.89768981933594,12.48971462249756,hairdresser,12071068856,139.23176675426865,J6
41.89475250244141,12.47711849212646,bar,12072096982,150.9060748775907,J5
41.89385604858398,12.48818969726562,restaurant,12075903105,99.77585722045811,J6
41.87833404541016,12.4827766418457,cafe,12076623184,110.48168214386757,J3
41.89680862426758,12.51433181762695,bar,12092335669,150.9060748775907,J6
41.89938354492188,12.48241710662842,hotel,12106285322,119.68464700421315,J5
41.87689590454102,12.52669143676758,restaurant,12139760974,99.77585722045811,J4
41.86846160888672,12.49053192138672,cafe,12149390861,110.48168214386757,J4
41.90951156616211,12.4569845199585,fast_food,12162718431,130.48347508216804,J5
41.90795516967773,12.45412158966064,cafe,12165598301,110.48168214386757,J5
41.87649917602539,12.44365501403809,pub,12169960724,162.58985564238574,J3
41.90775680541992,12.48822975158691,hotel,12175270133,119.68464700421315,J6
41.82640075683594,12.47803688049316,restaurant,12199498802,99.77585722045811,J1
41.90714645385742,12.47092247009277,restaurant,12199729401,99.77585722045811,J5
41.8698616027832,12.53120613098145,restaurant,12201303923,99.77585722045811,J4
41.82640075683594,12.47799301147461,restaurant,12203600601,99.77585722045811,J1
41.89101409912109,12.46961402893066,restaurant,12207813401,99.77585722045811,J5
41.85579681396484,12.4476261138916,restaurant,12211601501,99.77585722045811,J3
41.91303253173828,12.47512817382812,restaurant,12222051018,99.77585722045811,J5
41.91526412963867,12.52056884765625,fast_food,12222380657,130.48347508216804,J6
41.88006210327148,12.51167297363281,pub,12229219800,162.58985564238574,J4
41.86761856079102,12.47256851196289,sports_centre,12250070186,228.0957878683532,J3
41.85588836669922,12.48040771484375,cafe,12253310811,110.48168214386757,J3
41.8869743347168,12.46912288665771,restaurant,12276899352,99.77585722045811,J5
41.87080764770508,12.52971649169922,bakery,12291431632,171.00638854344817,J4
41.87576675415039,12.52822589874268,cafe,12312342760,110.48168214386757,J4
41.87214279174805,12.52792549133301,bakery,12343914394,171.00638854344817,J4
41.87187194824219,12.52798271179199,fast_food,12343949027,130.48347508216804,J4
41.89664459228516,12.49128437042236,bar,12356681101,150.9060748775907,J6
41.90048217773438,12.50099945068359,cafe,12361196591,110.48168214386757,J6
41.90142822265625,12.50165748596191,fast_food,12361196592,130.48347508216804,J6
41.88063049316406,12.46669483184814,bar,12387931101,150.9060748775907,J3
41.90655517578125,12.46786785125732,bakery,12415400303,171.00638854344817,J5
41.90256881713867,12.48265838623047,bakery,12423055694,171.00638854344817,J5
41.90956115722656,12.46401309967041,pub,12430268820,162.58985564238574,J5
41.90966415405273,12.47563934326172,restaurant,12430268821,99.77585722045811,J5
41.90494918823242,12.49011325836182,cafe,12438374657,110.48168214386757,J6
41.90436553955078,12.49067974090576,sports_centre,12438456540,228.0957878683532,J6
41.90472030639648,12.49287128448486,sports_centre,12438456602,228.0957878683532,J6
41.86565780639648,12.47159576416016,restaurant,12453473401,99.77585722045811,J3
41.85412979125977,12.47389507293701,cafe,12480744120,110.48168214386757,J3
41.85414886474609,12.4739875793457,fast_food,12480744121,130.48347508216804,J3
41.87260437011719,12.52761268615723,fitness_centre,12504242904,210.6246589093701,J4
41.87276840209961,12.5278787612915,cafe,12504242916,110.48168214386757,J4
41.89530563354492,12.47061920166016,hotel,12504263089,119.68464700421315,J5
41.87298965454102,12.52784156799316,hairdresser,12506490934,139.23176675426865,J4
41.87372207641602,12.52897548675537,restaurant,12506490980,99.77585722045811,J4
41.88888168334961,12.52664184570312,bar,12508976219,150.9060748775907,J6
41.86577224731445,12.49278163909912,fast_food,12529891269,130.48347508216804,J4
41.8722038269043,12.52892875671387,hairdresser,12544195888,139.23176675426865,J4
41.871826171875,12.53073596954346,fast_food,12582116324,130.48347508216804,J4
41.89838790893555,12.50123023986816,restaurant,12610370848,99.77585722045811,J6
41.90077590942383,12.45670223236084,restaurant,12652255697,99.77585722045811,J5
41.83285522460938,12.4763650894165,hairdresser,12670367225,139.23176675426865,J1
41.91803741455078,12.49665927886963,restaurant,12692061456,99.77585722045811,J6
41.88863372802734,12.50780868530273,restaurant,12705690465,99.77585722045811,J6
41.87436676025391,12.5221004486084,fast_food,12715311301,130.48347508216804,J4
41.87763595581055,12.47356128692627,fast_food,12715311401,130.48347508216804,J3
41.86851501464844,12.52738571166992,fast_food,12715385801,130.48347508216804,J4
41.86814498901367,12.49437808990479,fast_food,12715385802,130.48347508216804,J4
41.88280487060547,12.51471519470215,fast_food,12715385901,130.48347508216804,J4
41.86813735961914,12.53297328948975,cafe,12724757177,110.48168214386757,J4
41.89714431762695,12.47644805908203,restaurant,12725805601,99.77585722045811,J5
41.91422653198242,12.45200443267822,restaurant,12731340401,99.77585722045811,J5
41.87387847900391,12.48013019561768,restaurant,12745185648,99.77585722045811,J3
41.85011291503906,12.45996761322021,bar,12751993301,150.9060748775907,J3
41.8666877746582,12.47890758514404,restaurant,12766537603,99.77585722045811,J3
41.91110992431641,12.51663303375244,restaurant,12770276001,99.77585722045811,J6
41.89101028442383,12.51154804229736,hotel,12781989828,119.68464700421315,J6
41.82626342773438,12.47585487365723,pub,12800004946,162.58985564238574,J1
41.88748550415039,12.49181365966797,fast_food,12804538916,130.48347508216804,J6
41.90047454833984,12.47228813171387,restaurant,12827165424,99.77585722045811,J5
41.87793731689453,12.50530433654785,restaurant,12830117735,99.77585722045811,J4
